-- phpMyAdmin SQL Dump
-- version 5.2.1
-- https://www.phpmyadmin.net/
--
-- Servidor: database:3306
-- Tiempo de generación: 05-10-2023 a las 12:32:53
-- Versión del servidor: 8.1.0
-- Versión de PHP: 8.2.10

SET SQL_MODE = "NO_AUTO_VALUE_ON_ZERO";
START TRANSACTION;
SET time_zone = "+00:00";


/*!40101 SET @OLD_CHARACTER_SET_CLIENT=@@CHARACTER_SET_CLIENT */;
/*!40101 SET @OLD_CHARACTER_SET_RESULTS=@@CHARACTER_SET_RESULTS */;
/*!40101 SET @OLD_COLLATION_CONNECTION=@@COLLATION_CONNECTION */;
/*!40101 SET NAMES utf8mb4 */;

--
-- Base de datos: `foxforum`
--

-- --------------------------------------------------------

--
-- Estructura de tabla para la tabla `reply`
--

CREATE TABLE `reply` (
  `id` bigint NOT NULL,
  `title` varchar(2048) COLLATE utf16_unicode_ci NOT NULL,
  `body` text COLLATE utf16_unicode_ci NOT NULL,
  `id_user` bigint NOT NULL,
  `id_thread` bigint NOT NULL
) ENGINE=InnoDB DEFAULT CHARSET=utf16 COLLATE=utf16_unicode_ci;

--
-- Volcado de datos para la tabla `reply`
--

INSERT INTO `reply` (`id`, `title`, `body`, `id_user`, `id_thread`) VALUES
(1, 'achus', 'ccccccccccc', 1, 1),
(3, 'achus', 'aaaaaaaaaaaaaa', 1, 1),
(4, 'title0', 'body0', 0, 0),
(5, 'title1', 'body1', 1, 1),
(6, 'title2', 'body2', 2, 2),
(7, 'title3', 'body3', 3, 3),
(8, 'title4', 'body4', 4, 4),
(9, 'title5', 'body5', 5, 5),
(10, 'title6', 'body6', 6, 6),
(11, 'title7', 'body7', 7, 7),
(12, 'title8', 'body8', 8, 8),
(13, 'title9', 'body9', 9, 9);

-- --------------------------------------------------------

--
-- Estructura de tabla para la tabla `thread`
--

CREATE TABLE `thread` (
  `id` bigint NOT NULL,
  `title` varchar(2048) COLLATE utf16_unicode_ci NOT NULL,
  `id_user` bigint NOT NULL
) ENGINE=InnoDB DEFAULT CHARSET=utf16 COLLATE=utf16_unicode_ci;

--
-- Volcado de datos para la tabla `thread`
--

INSERT INTO `thread` (`id`, `title`, `id_user`) VALUES
(1, 'Mi padfsdfsdfsdfsdfamer postdasdsadasdasd (threadd)', 1),
(3, 'title0', 0),
(4, 'title1', 1),
(5, 'title2', 2),
(6, 'title3', 3),
(7, 'title4', 4),
(8, 'title5', 5),
(9, 'title6', 6),
(10, 'title7', 7),
(11, 'title8', 8),
(12, 'title9', 9),
(13, 'title10', 10),
(14, 'title11', 11),
(15, 'title12', 12),
(16, 'title13', 13),
(17, 'title14', 14),
(18, 'title15', 15),
(19, 'title16', 16),
(20, 'title17', 17),
(21, 'title18', 18),
(22, 'title19', 19),
(23, 'title20', 20),
(24, 'title21', 21),
(25, 'title22', 22),
(26, 'title23', 23),
(27, 'title24', 24),
(28, 'title25', 25),
(29, 'title26', 26),
(30, 'title27', 27),
(31, 'title28', 28),
(32, 'title29', 29),
(33, 'title30', 30),
(34, 'title31', 31),
(35, 'title32', 32),
(36, 'title33', 33),
(37, 'title34', 34),
(38, 'title35', 35),
(39, 'title36', 36),
(40, 'title37', 37),
(41, 'title38', 38),
(42, 'title39', 39),
(43, 'title40', 40),
(44, 'title41', 41),
(45, 'title42', 42),
(46, 'title43', 43),
(47, 'title44', 44),
(48, 'title45', 45),
(49, 'title46', 46),
(50, 'title47', 47),
(51, 'title48', 48),
(52, 'title49', 49),
(53, 'Mi primer suuuper posttt', 506),
(54, 'Mi primer suuuper posttt', 506);

-- --------------------------------------------------------

--
-- Estructura de tabla para la tabla `user`
--

CREATE TABLE `user` (
  `id` bigint NOT NULL,
  `name` varchar(255) COLLATE utf16_unicode_ci NOT NULL,
  `surname` varchar(255) COLLATE utf16_unicode_ci NOT NULL,
  `lastname` varchar(255) COLLATE utf16_unicode_ci DEFAULT NULL,
  `email` varchar(255) COLLATE utf16_unicode_ci NOT NULL,
  `username` varchar(255) COLLATE utf16_unicode_ci NOT NULL,
  `password` varchar(512) COLLATE utf16_unicode_ci NOT NULL,
  `role` tinyint(1) NOT NULL,
  `usename` varchar(255) COLLATE utf16_unicode_ci DEFAULT NULL
) ENGINE=InnoDB DEFAULT CHARSET=utf16 COLLATE=utf16_unicode_ci;

--
-- Volcado de datos para la tabla `user`
--

INSERT INTO `user` (`id`, `name`, `surname`, `lastname`, `email`, `username`, `password`, `role`, `usename`) VALUES
(1, 'JUAN', 'Muñoz', 'García', 'pauula.mnzz@gmail.com', 'pauulamnzz', 'pauulamnzz', 0, NULL),
(506, 'Pepe', 'Lopez', 'García', 'pppp.mnzz@gmail.com', 'pppppp', 'e2cac5c5f7e52ab03441bb70e89726ddbd1f6e5b683dde05fb65e0720290179e', 0, NULL),
(507, 'PEPE', 'Muñoz', 'García', 'pauula.mnzz@gmail.com', 'pauulamnzz', 'e2cac5c5f7e52ab03441bb70e89726ddbd1f6e5b683dde05fb65e0720290179e', 0, NULL),
(508, 'PEPE', 'Muñoz', 'García', 'pauula.mnzz@gmail.com', 'pauulamnzz', 'e2cac5c5f7e52ab03441bb70e89726ddbd1f6e5b683dde05fb65e0720290179e', 0, NULL),
(510, 'name0', 'suername0', 'lastname0', 'email0', 'username0', 'e2cac5c5f7e52ab03441bb70e89726ddbd1f6e5b683dde05fb65e0720290179e', 1, NULL),
(511, 'name1', 'suername1', 'lastname1', 'email1', 'username1', 'e2cac5c5f7e52ab03441bb70e89726ddbd1f6e5b683dde05fb65e0720290179e', 1, NULL),
(512, 'name2', 'suername2', 'lastname2', 'email2', 'username2', 'e2cac5c5f7e52ab03441bb70e89726ddbd1f6e5b683dde05fb65e0720290179e', 1, NULL),
(513, 'name3', 'suername3', 'lastname3', 'email3', 'username3', 'e2cac5c5f7e52ab03441bb70e89726ddbd1f6e5b683dde05fb65e0720290179e', 1, NULL),
(514, 'name4', 'suername4', 'lastname4', 'email4', 'username4', 'e2cac5c5f7e52ab03441bb70e89726ddbd1f6e5b683dde05fb65e0720290179e', 1, NULL),
(515, 'name5', 'suername5', 'lastname5', 'email5', 'username5', 'e2cac5c5f7e52ab03441bb70e89726ddbd1f6e5b683dde05fb65e0720290179e', 1, NULL),
(516, 'name6', 'suername6', 'lastname6', 'email6', 'username6', 'e2cac5c5f7e52ab03441bb70e89726ddbd1f6e5b683dde05fb65e0720290179e', 1, NULL),
(517, 'name7', 'suername7', 'lastname7', 'email7', 'username7', 'e2cac5c5f7e52ab03441bb70e89726ddbd1f6e5b683dde05fb65e0720290179e', 1, NULL),
(518, 'name8', 'suername8', 'lastname8', 'email8', 'username8', 'e2cac5c5f7e52ab03441bb70e89726ddbd1f6e5b683dde05fb65e0720290179e', 1, NULL),
(519, 'name9', 'suername9', 'lastname9', 'email9', 'username9', 'e2cac5c5f7e52ab03441bb70e89726ddbd1f6e5b683dde05fb65e0720290179e', 1, NULL),
(520, 'name10', 'suername10', 'lastname10', 'email10', 'username10', 'e2cac5c5f7e52ab03441bb70e89726ddbd1f6e5b683dde05fb65e0720290179e', 1, NULL),
(521, 'name11', 'suername11', 'lastname11', 'email11', 'username11', 'e2cac5c5f7e52ab03441bb70e89726ddbd1f6e5b683dde05fb65e0720290179e', 1, NULL),
(522, 'name12', 'suername12', 'lastname12', 'email12', 'username12', 'e2cac5c5f7e52ab03441bb70e89726ddbd1f6e5b683dde05fb65e0720290179e', 1, NULL),
(523, 'name13', 'suername13', 'lastname13', 'email13', 'username13', 'e2cac5c5f7e52ab03441bb70e89726ddbd1f6e5b683dde05fb65e0720290179e', 1, NULL),
(524, 'name14', 'suername14', 'lastname14', 'email14', 'username14', 'e2cac5c5f7e52ab03441bb70e89726ddbd1f6e5b683dde05fb65e0720290179e', 1, NULL),
(525, 'name15', 'suername15', 'lastname15', 'email15', 'username15', 'e2cac5c5f7e52ab03441bb70e89726ddbd1f6e5b683dde05fb65e0720290179e', 1, NULL),
(526, 'name16', 'suername16', 'lastname16', 'email16', 'username16', 'e2cac5c5f7e52ab03441bb70e89726ddbd1f6e5b683dde05fb65e0720290179e', 1, NULL),
(527, 'name17', 'suername17', 'lastname17', 'email17', 'username17', 'e2cac5c5f7e52ab03441bb70e89726ddbd1f6e5b683dde05fb65e0720290179e', 1, NULL),
(528, 'name18', 'suername18', 'lastname18', 'email18', 'username18', 'e2cac5c5f7e52ab03441bb70e89726ddbd1f6e5b683dde05fb65e0720290179e', 1, NULL),
(529, 'name19', 'suername19', 'lastname19', 'email19', 'username19', 'e2cac5c5f7e52ab03441bb70e89726ddbd1f6e5b683dde05fb65e0720290179e', 1, NULL),
(530, 'name20', 'suername20', 'lastname20', 'email20', 'username20', 'e2cac5c5f7e52ab03441bb70e89726ddbd1f6e5b683dde05fb65e0720290179e', 1, NULL),
(531, 'name21', 'suername21', 'lastname21', 'email21', 'username21', 'e2cac5c5f7e52ab03441bb70e89726ddbd1f6e5b683dde05fb65e0720290179e', 1, NULL),
(532, 'name22', 'suername22', 'lastname22', 'email22', 'username22', 'e2cac5c5f7e52ab03441bb70e89726ddbd1f6e5b683dde05fb65e0720290179e', 1, NULL),
(533, 'name23', 'suername23', 'lastname23', 'email23', 'username23', 'e2cac5c5f7e52ab03441bb70e89726ddbd1f6e5b683dde05fb65e0720290179e', 1, NULL),
(534, 'name24', 'suername24', 'lastname24', 'email24', 'username24', 'e2cac5c5f7e52ab03441bb70e89726ddbd1f6e5b683dde05fb65e0720290179e', 1, NULL),
(535, 'name25', 'suername25', 'lastname25', 'email25', 'username25', 'e2cac5c5f7e52ab03441bb70e89726ddbd1f6e5b683dde05fb65e0720290179e', 1, NULL),
(536, 'name26', 'suername26', 'lastname26', 'email26', 'username26', 'e2cac5c5f7e52ab03441bb70e89726ddbd1f6e5b683dde05fb65e0720290179e', 1, NULL),
(537, 'name27', 'suername27', 'lastname27', 'email27', 'username27', 'e2cac5c5f7e52ab03441bb70e89726ddbd1f6e5b683dde05fb65e0720290179e', 1, NULL),
(538, 'name28', 'suername28', 'lastname28', 'email28', 'username28', 'e2cac5c5f7e52ab03441bb70e89726ddbd1f6e5b683dde05fb65e0720290179e', 1, NULL),
(539, 'name29', 'suername29', 'lastname29', 'email29', 'username29', 'e2cac5c5f7e52ab03441bb70e89726ddbd1f6e5b683dde05fb65e0720290179e', 1, NULL),
(540, 'name30', 'suername30', 'lastname30', 'email30', 'username30', 'e2cac5c5f7e52ab03441bb70e89726ddbd1f6e5b683dde05fb65e0720290179e', 1, NULL),
(541, 'name31', 'suername31', 'lastname31', 'email31', 'username31', 'e2cac5c5f7e52ab03441bb70e89726ddbd1f6e5b683dde05fb65e0720290179e', 1, NULL),
(542, 'name32', 'suername32', 'lastname32', 'email32', 'username32', 'e2cac5c5f7e52ab03441bb70e89726ddbd1f6e5b683dde05fb65e0720290179e', 1, NULL),
(543, 'name33', 'suername33', 'lastname33', 'email33', 'username33', 'e2cac5c5f7e52ab03441bb70e89726ddbd1f6e5b683dde05fb65e0720290179e', 1, NULL),
(544, 'name34', 'suername34', 'lastname34', 'email34', 'username34', 'e2cac5c5f7e52ab03441bb70e89726ddbd1f6e5b683dde05fb65e0720290179e', 1, NULL),
(545, 'name35', 'suername35', 'lastname35', 'email35', 'username35', 'e2cac5c5f7e52ab03441bb70e89726ddbd1f6e5b683dde05fb65e0720290179e', 1, NULL),
(546, 'name36', 'suername36', 'lastname36', 'email36', 'username36', 'e2cac5c5f7e52ab03441bb70e89726ddbd1f6e5b683dde05fb65e0720290179e', 1, NULL),
(547, 'name37', 'suername37', 'lastname37', 'email37', 'username37', 'e2cac5c5f7e52ab03441bb70e89726ddbd1f6e5b683dde05fb65e0720290179e', 1, NULL),
(548, 'name38', 'suername38', 'lastname38', 'email38', 'username38', 'e2cac5c5f7e52ab03441bb70e89726ddbd1f6e5b683dde05fb65e0720290179e', 1, NULL),
(549, 'name39', 'suername39', 'lastname39', 'email39', 'username39', 'e2cac5c5f7e52ab03441bb70e89726ddbd1f6e5b683dde05fb65e0720290179e', 1, NULL),
(550, 'name40', 'suername40', 'lastname40', 'email40', 'username40', 'e2cac5c5f7e52ab03441bb70e89726ddbd1f6e5b683dde05fb65e0720290179e', 1, NULL),
(551, 'name41', 'suername41', 'lastname41', 'email41', 'username41', 'e2cac5c5f7e52ab03441bb70e89726ddbd1f6e5b683dde05fb65e0720290179e', 1, NULL),
(552, 'name42', 'suername42', 'lastname42', 'email42', 'username42', 'e2cac5c5f7e52ab03441bb70e89726ddbd1f6e5b683dde05fb65e0720290179e', 1, NULL),
(553, 'name43', 'suername43', 'lastname43', 'email43', 'username43', 'e2cac5c5f7e52ab03441bb70e89726ddbd1f6e5b683dde05fb65e0720290179e', 1, NULL),
(554, 'name44', 'suername44', 'lastname44', 'email44', 'username44', 'e2cac5c5f7e52ab03441bb70e89726ddbd1f6e5b683dde05fb65e0720290179e', 1, NULL),
(555, 'name45', 'suername45', 'lastname45', 'email45', 'username45', 'e2cac5c5f7e52ab03441bb70e89726ddbd1f6e5b683dde05fb65e0720290179e', 1, NULL),
(556, 'name46', 'suername46', 'lastname46', 'email46', 'username46', 'e2cac5c5f7e52ab03441bb70e89726ddbd1f6e5b683dde05fb65e0720290179e', 1, NULL),
(557, 'name47', 'suername47', 'lastname47', 'email47', 'username47', 'e2cac5c5f7e52ab03441bb70e89726ddbd1f6e5b683dde05fb65e0720290179e', 1, NULL),
(558, 'name48', 'suername48', 'lastname48', 'email48', 'username48', 'e2cac5c5f7e52ab03441bb70e89726ddbd1f6e5b683dde05fb65e0720290179e', 1, NULL),
(559, 'name49', 'suername49', 'lastname49', 'email49', 'username49', 'e2cac5c5f7e52ab03441bb70e89726ddbd1f6e5b683dde05fb65e0720290179e', 1, NULL),
(560, 'name50', 'suername50', 'lastname50', 'email50', 'username50', 'e2cac5c5f7e52ab03441bb70e89726ddbd1f6e5b683dde05fb65e0720290179e', 1, NULL),
(561, 'name51', 'suername51', 'lastname51', 'email51', 'username51', 'e2cac5c5f7e52ab03441bb70e89726ddbd1f6e5b683dde05fb65e0720290179e', 1, NULL),
(562, 'name52', 'suername52', 'lastname52', 'email52', 'username52', 'e2cac5c5f7e52ab03441bb70e89726ddbd1f6e5b683dde05fb65e0720290179e', 1, NULL),
(563, 'name53', 'suername53', 'lastname53', 'email53', 'username53', 'e2cac5c5f7e52ab03441bb70e89726ddbd1f6e5b683dde05fb65e0720290179e', 1, NULL),
(564, 'name54', 'suername54', 'lastname54', 'email54', 'username54', 'e2cac5c5f7e52ab03441bb70e89726ddbd1f6e5b683dde05fb65e0720290179e', 1, NULL),
(565, 'name55', 'suername55', 'lastname55', 'email55', 'username55', 'e2cac5c5f7e52ab03441bb70e89726ddbd1f6e5b683dde05fb65e0720290179e', 1, NULL),
(566, 'name56', 'suername56', 'lastname56', 'email56', 'username56', 'e2cac5c5f7e52ab03441bb70e89726ddbd1f6e5b683dde05fb65e0720290179e', 1, NULL),
(567, 'name57', 'suername57', 'lastname57', 'email57', 'username57', 'e2cac5c5f7e52ab03441bb70e89726ddbd1f6e5b683dde05fb65e0720290179e', 1, NULL),
(568, 'name58', 'suername58', 'lastname58', 'email58', 'username58', 'e2cac5c5f7e52ab03441bb70e89726ddbd1f6e5b683dde05fb65e0720290179e', 1, NULL),
(569, 'name59', 'suername59', 'lastname59', 'email59', 'username59', 'e2cac5c5f7e52ab03441bb70e89726ddbd1f6e5b683dde05fb65e0720290179e', 1, NULL),
(570, 'name60', 'suername60', 'lastname60', 'email60', 'username60', 'e2cac5c5f7e52ab03441bb70e89726ddbd1f6e5b683dde05fb65e0720290179e', 1, NULL),
(571, 'name61', 'suername61', 'lastname61', 'email61', 'username61', 'e2cac5c5f7e52ab03441bb70e89726ddbd1f6e5b683dde05fb65e0720290179e', 1, NULL),
(572, 'name62', 'suername62', 'lastname62', 'email62', 'username62', 'e2cac5c5f7e52ab03441bb70e89726ddbd1f6e5b683dde05fb65e0720290179e', 1, NULL),
(573, 'name63', 'suername63', 'lastname63', 'email63', 'username63', 'e2cac5c5f7e52ab03441bb70e89726ddbd1f6e5b683dde05fb65e0720290179e', 1, NULL),
(574, 'name64', 'suername64', 'lastname64', 'email64', 'username64', 'e2cac5c5f7e52ab03441bb70e89726ddbd1f6e5b683dde05fb65e0720290179e', 1, NULL),
(575, 'name65', 'suername65', 'lastname65', 'email65', 'username65', 'e2cac5c5f7e52ab03441bb70e89726ddbd1f6e5b683dde05fb65e0720290179e', 1, NULL),
(576, 'name66', 'suername66', 'lastname66', 'email66', 'username66', 'e2cac5c5f7e52ab03441bb70e89726ddbd1f6e5b683dde05fb65e0720290179e', 1, NULL),
(577, 'name67', 'suername67', 'lastname67', 'email67', 'username67', 'e2cac5c5f7e52ab03441bb70e89726ddbd1f6e5b683dde05fb65e0720290179e', 1, NULL),
(578, 'name68', 'suername68', 'lastname68', 'email68', 'username68', 'e2cac5c5f7e52ab03441bb70e89726ddbd1f6e5b683dde05fb65e0720290179e', 1, NULL),
(579, 'name69', 'suername69', 'lastname69', 'email69', 'username69', 'e2cac5c5f7e52ab03441bb70e89726ddbd1f6e5b683dde05fb65e0720290179e', 1, NULL),
(580, 'name70', 'suername70', 'lastname70', 'email70', 'username70', 'e2cac5c5f7e52ab03441bb70e89726ddbd1f6e5b683dde05fb65e0720290179e', 1, NULL),
(581, 'name71', 'suername71', 'lastname71', 'email71', 'username71', 'e2cac5c5f7e52ab03441bb70e89726ddbd1f6e5b683dde05fb65e0720290179e', 1, NULL),
(582, 'name72', 'suername72', 'lastname72', 'email72', 'username72', 'e2cac5c5f7e52ab03441bb70e89726ddbd1f6e5b683dde05fb65e0720290179e', 1, NULL),
(583, 'name73', 'suername73', 'lastname73', 'email73', 'username73', 'e2cac5c5f7e52ab03441bb70e89726ddbd1f6e5b683dde05fb65e0720290179e', 1, NULL),
(584, 'name74', 'suername74', 'lastname74', 'email74', 'username74', 'e2cac5c5f7e52ab03441bb70e89726ddbd1f6e5b683dde05fb65e0720290179e', 1, NULL),
(585, 'name75', 'suername75', 'lastname75', 'email75', 'username75', 'e2cac5c5f7e52ab03441bb70e89726ddbd1f6e5b683dde05fb65e0720290179e', 1, NULL),
(586, 'name76', 'suername76', 'lastname76', 'email76', 'username76', 'e2cac5c5f7e52ab03441bb70e89726ddbd1f6e5b683dde05fb65e0720290179e', 1, NULL),
(587, 'name77', 'suername77', 'lastname77', 'email77', 'username77', 'e2cac5c5f7e52ab03441bb70e89726ddbd1f6e5b683dde05fb65e0720290179e', 1, NULL),
(588, 'name78', 'suername78', 'lastname78', 'email78', 'username78', 'e2cac5c5f7e52ab03441bb70e89726ddbd1f6e5b683dde05fb65e0720290179e', 1, NULL),
(589, 'name79', 'suername79', 'lastname79', 'email79', 'username79', 'e2cac5c5f7e52ab03441bb70e89726ddbd1f6e5b683dde05fb65e0720290179e', 1, NULL),
(590, 'name80', 'suername80', 'lastname80', 'email80', 'username80', 'e2cac5c5f7e52ab03441bb70e89726ddbd1f6e5b683dde05fb65e0720290179e', 1, NULL),
(591, 'name81', 'suername81', 'lastname81', 'email81', 'username81', 'e2cac5c5f7e52ab03441bb70e89726ddbd1f6e5b683dde05fb65e0720290179e', 1, NULL),
(592, 'name82', 'suername82', 'lastname82', 'email82', 'username82', 'e2cac5c5f7e52ab03441bb70e89726ddbd1f6e5b683dde05fb65e0720290179e', 1, NULL),
(593, 'name83', 'suername83', 'lastname83', 'email83', 'username83', 'e2cac5c5f7e52ab03441bb70e89726ddbd1f6e5b683dde05fb65e0720290179e', 1, NULL),
(594, 'name84', 'suername84', 'lastname84', 'email84', 'username84', 'e2cac5c5f7e52ab03441bb70e89726ddbd1f6e5b683dde05fb65e0720290179e', 1, NULL),
(595, 'name85', 'suername85', 'lastname85', 'email85', 'username85', 'e2cac5c5f7e52ab03441bb70e89726ddbd1f6e5b683dde05fb65e0720290179e', 1, NULL),
(596, 'name86', 'suername86', 'lastname86', 'email86', 'username86', 'e2cac5c5f7e52ab03441bb70e89726ddbd1f6e5b683dde05fb65e0720290179e', 1, NULL),
(597, 'name87', 'suername87', 'lastname87', 'email87', 'username87', 'e2cac5c5f7e52ab03441bb70e89726ddbd1f6e5b683dde05fb65e0720290179e', 1, NULL),
(598, 'name88', 'suername88', 'lastname88', 'email88', 'username88', 'e2cac5c5f7e52ab03441bb70e89726ddbd1f6e5b683dde05fb65e0720290179e', 1, NULL),
(599, 'name89', 'suername89', 'lastname89', 'email89', 'username89', 'e2cac5c5f7e52ab03441bb70e89726ddbd1f6e5b683dde05fb65e0720290179e', 1, NULL),
(600, 'name90', 'suername90', 'lastname90', 'email90', 'username90', 'e2cac5c5f7e52ab03441bb70e89726ddbd1f6e5b683dde05fb65e0720290179e', 1, NULL),
(601, 'name91', 'suername91', 'lastname91', 'email91', 'username91', 'e2cac5c5f7e52ab03441bb70e89726ddbd1f6e5b683dde05fb65e0720290179e', 1, NULL),
(602, 'name92', 'suername92', 'lastname92', 'email92', 'username92', 'e2cac5c5f7e52ab03441bb70e89726ddbd1f6e5b683dde05fb65e0720290179e', 1, NULL),
(603, 'name93', 'suername93', 'lastname93', 'email93', 'username93', 'e2cac5c5f7e52ab03441bb70e89726ddbd1f6e5b683dde05fb65e0720290179e', 1, NULL),
(604, 'name94', 'suername94', 'lastname94', 'email94', 'username94', 'e2cac5c5f7e52ab03441bb70e89726ddbd1f6e5b683dde05fb65e0720290179e', 1, NULL),
(605, 'name95', 'suername95', 'lastname95', 'email95', 'username95', 'e2cac5c5f7e52ab03441bb70e89726ddbd1f6e5b683dde05fb65e0720290179e', 1, NULL),
(606, 'name96', 'suername96', 'lastname96', 'email96', 'username96', 'e2cac5c5f7e52ab03441bb70e89726ddbd1f6e5b683dde05fb65e0720290179e', 1, NULL),
(607, 'name97', 'suername97', 'lastname97', 'email97', 'username97', 'e2cac5c5f7e52ab03441bb70e89726ddbd1f6e5b683dde05fb65e0720290179e', 1, NULL),
(608, 'name98', 'suername98', 'lastname98', 'email98', 'username98', 'e2cac5c5f7e52ab03441bb70e89726ddbd1f6e5b683dde05fb65e0720290179e', 1, NULL),
(609, 'name99', 'suername99', 'lastname99', 'email99', 'username99', 'e2cac5c5f7e52ab03441bb70e89726ddbd1f6e5b683dde05fb65e0720290179e', 1, NULL),
(610, 'name100', 'suername100', 'lastname100', 'email100', 'username100', 'e2cac5c5f7e52ab03441bb70e89726ddbd1f6e5b683dde05fb65e0720290179e', 1, NULL),
(611, 'name101', 'suername101', 'lastname101', 'email101', 'username101', 'e2cac5c5f7e52ab03441bb70e89726ddbd1f6e5b683dde05fb65e0720290179e', 1, NULL),
(612, 'name102', 'suername102', 'lastname102', 'email102', 'username102', 'e2cac5c5f7e52ab03441bb70e89726ddbd1f6e5b683dde05fb65e0720290179e', 1, NULL),
(613, 'name103', 'suername103', 'lastname103', 'email103', 'username103', 'e2cac5c5f7e52ab03441bb70e89726ddbd1f6e5b683dde05fb65e0720290179e', 1, NULL),
(614, 'name104', 'suername104', 'lastname104', 'email104', 'username104', 'e2cac5c5f7e52ab03441bb70e89726ddbd1f6e5b683dde05fb65e0720290179e', 1, NULL),
(615, 'name105', 'suername105', 'lastname105', 'email105', 'username105', 'e2cac5c5f7e52ab03441bb70e89726ddbd1f6e5b683dde05fb65e0720290179e', 1, NULL),
(616, 'name106', 'suername106', 'lastname106', 'email106', 'username106', 'e2cac5c5f7e52ab03441bb70e89726ddbd1f6e5b683dde05fb65e0720290179e', 1, NULL),
(617, 'name107', 'suername107', 'lastname107', 'email107', 'username107', 'e2cac5c5f7e52ab03441bb70e89726ddbd1f6e5b683dde05fb65e0720290179e', 1, NULL),
(618, 'name108', 'suername108', 'lastname108', 'email108', 'username108', 'e2cac5c5f7e52ab03441bb70e89726ddbd1f6e5b683dde05fb65e0720290179e', 1, NULL),
(619, 'name109', 'suername109', 'lastname109', 'email109', 'username109', 'e2cac5c5f7e52ab03441bb70e89726ddbd1f6e5b683dde05fb65e0720290179e', 1, NULL),
(620, 'name110', 'suername110', 'lastname110', 'email110', 'username110', 'e2cac5c5f7e52ab03441bb70e89726ddbd1f6e5b683dde05fb65e0720290179e', 1, NULL),
(621, 'name111', 'suername111', 'lastname111', 'email111', 'username111', 'e2cac5c5f7e52ab03441bb70e89726ddbd1f6e5b683dde05fb65e0720290179e', 1, NULL),
(622, 'name112', 'suername112', 'lastname112', 'email112', 'username112', 'e2cac5c5f7e52ab03441bb70e89726ddbd1f6e5b683dde05fb65e0720290179e', 1, NULL),
(623, 'name113', 'suername113', 'lastname113', 'email113', 'username113', 'e2cac5c5f7e52ab03441bb70e89726ddbd1f6e5b683dde05fb65e0720290179e', 1, NULL),
(624, 'name114', 'suername114', 'lastname114', 'email114', 'username114', 'e2cac5c5f7e52ab03441bb70e89726ddbd1f6e5b683dde05fb65e0720290179e', 1, NULL),
(625, 'name115', 'suername115', 'lastname115', 'email115', 'username115', 'e2cac5c5f7e52ab03441bb70e89726ddbd1f6e5b683dde05fb65e0720290179e', 1, NULL),
(626, 'name116', 'suername116', 'lastname116', 'email116', 'username116', 'e2cac5c5f7e52ab03441bb70e89726ddbd1f6e5b683dde05fb65e0720290179e', 1, NULL),
(627, 'name117', 'suername117', 'lastname117', 'email117', 'username117', 'e2cac5c5f7e52ab03441bb70e89726ddbd1f6e5b683dde05fb65e0720290179e', 1, NULL),
(628, 'name118', 'suername118', 'lastname118', 'email118', 'username118', 'e2cac5c5f7e52ab03441bb70e89726ddbd1f6e5b683dde05fb65e0720290179e', 1, NULL),
(629, 'name119', 'suername119', 'lastname119', 'email119', 'username119', 'e2cac5c5f7e52ab03441bb70e89726ddbd1f6e5b683dde05fb65e0720290179e', 1, NULL),
(630, 'name120', 'suername120', 'lastname120', 'email120', 'username120', 'e2cac5c5f7e52ab03441bb70e89726ddbd1f6e5b683dde05fb65e0720290179e', 1, NULL),
(631, 'name121', 'suername121', 'lastname121', 'email121', 'username121', 'e2cac5c5f7e52ab03441bb70e89726ddbd1f6e5b683dde05fb65e0720290179e', 1, NULL),
(632, 'name122', 'suername122', 'lastname122', 'email122', 'username122', 'e2cac5c5f7e52ab03441bb70e89726ddbd1f6e5b683dde05fb65e0720290179e', 1, NULL),
(633, 'name123', 'suername123', 'lastname123', 'email123', 'username123', 'e2cac5c5f7e52ab03441bb70e89726ddbd1f6e5b683dde05fb65e0720290179e', 1, NULL),
(634, 'name124', 'suername124', 'lastname124', 'email124', 'username124', 'e2cac5c5f7e52ab03441bb70e89726ddbd1f6e5b683dde05fb65e0720290179e', 1, NULL),
(635, 'name125', 'suername125', 'lastname125', 'email125', 'username125', 'e2cac5c5f7e52ab03441bb70e89726ddbd1f6e5b683dde05fb65e0720290179e', 1, NULL),
(636, 'name126', 'suername126', 'lastname126', 'email126', 'username126', 'e2cac5c5f7e52ab03441bb70e89726ddbd1f6e5b683dde05fb65e0720290179e', 1, NULL),
(637, 'name127', 'suername127', 'lastname127', 'email127', 'username127', 'e2cac5c5f7e52ab03441bb70e89726ddbd1f6e5b683dde05fb65e0720290179e', 1, NULL),
(638, 'name128', 'suername128', 'lastname128', 'email128', 'username128', 'e2cac5c5f7e52ab03441bb70e89726ddbd1f6e5b683dde05fb65e0720290179e', 1, NULL),
(639, 'name129', 'suername129', 'lastname129', 'email129', 'username129', 'e2cac5c5f7e52ab03441bb70e89726ddbd1f6e5b683dde05fb65e0720290179e', 1, NULL),
(640, 'name130', 'suername130', 'lastname130', 'email130', 'username130', 'e2cac5c5f7e52ab03441bb70e89726ddbd1f6e5b683dde05fb65e0720290179e', 1, NULL),
(641, 'name131', 'suername131', 'lastname131', 'email131', 'username131', 'e2cac5c5f7e52ab03441bb70e89726ddbd1f6e5b683dde05fb65e0720290179e', 1, NULL),
(642, 'name132', 'suername132', 'lastname132', 'email132', 'username132', 'e2cac5c5f7e52ab03441bb70e89726ddbd1f6e5b683dde05fb65e0720290179e', 1, NULL),
(643, 'name133', 'suername133', 'lastname133', 'email133', 'username133', 'e2cac5c5f7e52ab03441bb70e89726ddbd1f6e5b683dde05fb65e0720290179e', 1, NULL),
(644, 'name134', 'suername134', 'lastname134', 'email134', 'username134', 'e2cac5c5f7e52ab03441bb70e89726ddbd1f6e5b683dde05fb65e0720290179e', 1, NULL),
(645, 'name135', 'suername135', 'lastname135', 'email135', 'username135', 'e2cac5c5f7e52ab03441bb70e89726ddbd1f6e5b683dde05fb65e0720290179e', 1, NULL),
(646, 'name136', 'suername136', 'lastname136', 'email136', 'username136', 'e2cac5c5f7e52ab03441bb70e89726ddbd1f6e5b683dde05fb65e0720290179e', 1, NULL),
(647, 'name137', 'suername137', 'lastname137', 'email137', 'username137', 'e2cac5c5f7e52ab03441bb70e89726ddbd1f6e5b683dde05fb65e0720290179e', 1, NULL),
(648, 'name138', 'suername138', 'lastname138', 'email138', 'username138', 'e2cac5c5f7e52ab03441bb70e89726ddbd1f6e5b683dde05fb65e0720290179e', 1, NULL),
(649, 'name139', 'suername139', 'lastname139', 'email139', 'username139', 'e2cac5c5f7e52ab03441bb70e89726ddbd1f6e5b683dde05fb65e0720290179e', 1, NULL),
(650, 'name140', 'suername140', 'lastname140', 'email140', 'username140', 'e2cac5c5f7e52ab03441bb70e89726ddbd1f6e5b683dde05fb65e0720290179e', 1, NULL),
(651, 'name141', 'suername141', 'lastname141', 'email141', 'username141', 'e2cac5c5f7e52ab03441bb70e89726ddbd1f6e5b683dde05fb65e0720290179e', 1, NULL),
(652, 'name142', 'suername142', 'lastname142', 'email142', 'username142', 'e2cac5c5f7e52ab03441bb70e89726ddbd1f6e5b683dde05fb65e0720290179e', 1, NULL),
(653, 'name143', 'suername143', 'lastname143', 'email143', 'username143', 'e2cac5c5f7e52ab03441bb70e89726ddbd1f6e5b683dde05fb65e0720290179e', 1, NULL),
(654, 'name144', 'suername144', 'lastname144', 'email144', 'username144', 'e2cac5c5f7e52ab03441bb70e89726ddbd1f6e5b683dde05fb65e0720290179e', 1, NULL),
(655, 'name145', 'suername145', 'lastname145', 'email145', 'username145', 'e2cac5c5f7e52ab03441bb70e89726ddbd1f6e5b683dde05fb65e0720290179e', 1, NULL),
(656, 'name146', 'suername146', 'lastname146', 'email146', 'username146', 'e2cac5c5f7e52ab03441bb70e89726ddbd1f6e5b683dde05fb65e0720290179e', 1, NULL),
(657, 'name147', 'suername147', 'lastname147', 'email147', 'username147', 'e2cac5c5f7e52ab03441bb70e89726ddbd1f6e5b683dde05fb65e0720290179e', 1, NULL),
(658, 'name148', 'suername148', 'lastname148', 'email148', 'username148', 'e2cac5c5f7e52ab03441bb70e89726ddbd1f6e5b683dde05fb65e0720290179e', 1, NULL),
(659, 'name149', 'suername149', 'lastname149', 'email149', 'username149', 'e2cac5c5f7e52ab03441bb70e89726ddbd1f6e5b683dde05fb65e0720290179e', 1, NULL),
(660, 'name150', 'suername150', 'lastname150', 'email150', 'username150', 'e2cac5c5f7e52ab03441bb70e89726ddbd1f6e5b683dde05fb65e0720290179e', 1, NULL),
(661, 'name151', 'suername151', 'lastname151', 'email151', 'username151', 'e2cac5c5f7e52ab03441bb70e89726ddbd1f6e5b683dde05fb65e0720290179e', 1, NULL),
(662, 'name152', 'suername152', 'lastname152', 'email152', 'username152', 'e2cac5c5f7e52ab03441bb70e89726ddbd1f6e5b683dde05fb65e0720290179e', 1, NULL),
(663, 'name153', 'suername153', 'lastname153', 'email153', 'username153', 'e2cac5c5f7e52ab03441bb70e89726ddbd1f6e5b683dde05fb65e0720290179e', 1, NULL),
(664, 'name154', 'suername154', 'lastname154', 'email154', 'username154', 'e2cac5c5f7e52ab03441bb70e89726ddbd1f6e5b683dde05fb65e0720290179e', 1, NULL),
(665, 'name155', 'suername155', 'lastname155', 'email155', 'username155', 'e2cac5c5f7e52ab03441bb70e89726ddbd1f6e5b683dde05fb65e0720290179e', 1, NULL),
(666, 'name156', 'suername156', 'lastname156', 'email156', 'username156', 'e2cac5c5f7e52ab03441bb70e89726ddbd1f6e5b683dde05fb65e0720290179e', 1, NULL),
(667, 'name157', 'suername157', 'lastname157', 'email157', 'username157', 'e2cac5c5f7e52ab03441bb70e89726ddbd1f6e5b683dde05fb65e0720290179e', 1, NULL),
(668, 'name158', 'suername158', 'lastname158', 'email158', 'username158', 'e2cac5c5f7e52ab03441bb70e89726ddbd1f6e5b683dde05fb65e0720290179e', 1, NULL),
(669, 'name159', 'suername159', 'lastname159', 'email159', 'username159', 'e2cac5c5f7e52ab03441bb70e89726ddbd1f6e5b683dde05fb65e0720290179e', 1, NULL),
(670, 'name160', 'suername160', 'lastname160', 'email160', 'username160', 'e2cac5c5f7e52ab03441bb70e89726ddbd1f6e5b683dde05fb65e0720290179e', 1, NULL),
(671, 'name161', 'suername161', 'lastname161', 'email161', 'username161', 'e2cac5c5f7e52ab03441bb70e89726ddbd1f6e5b683dde05fb65e0720290179e', 1, NULL),
(672, 'name162', 'suername162', 'lastname162', 'email162', 'username162', 'e2cac5c5f7e52ab03441bb70e89726ddbd1f6e5b683dde05fb65e0720290179e', 1, NULL),
(673, 'name163', 'suername163', 'lastname163', 'email163', 'username163', 'e2cac5c5f7e52ab03441bb70e89726ddbd1f6e5b683dde05fb65e0720290179e', 1, NULL),
(674, 'name164', 'suername164', 'lastname164', 'email164', 'username164', 'e2cac5c5f7e52ab03441bb70e89726ddbd1f6e5b683dde05fb65e0720290179e', 1, NULL),
(675, 'name165', 'suername165', 'lastname165', 'email165', 'username165', 'e2cac5c5f7e52ab03441bb70e89726ddbd1f6e5b683dde05fb65e0720290179e', 1, NULL),
(676, 'name166', 'suername166', 'lastname166', 'email166', 'username166', 'e2cac5c5f7e52ab03441bb70e89726ddbd1f6e5b683dde05fb65e0720290179e', 1, NULL),
(677, 'name167', 'suername167', 'lastname167', 'email167', 'username167', 'e2cac5c5f7e52ab03441bb70e89726ddbd1f6e5b683dde05fb65e0720290179e', 1, NULL),
(678, 'name168', 'suername168', 'lastname168', 'email168', 'username168', 'e2cac5c5f7e52ab03441bb70e89726ddbd1f6e5b683dde05fb65e0720290179e', 1, NULL),
(679, 'name169', 'suername169', 'lastname169', 'email169', 'username169', 'e2cac5c5f7e52ab03441bb70e89726ddbd1f6e5b683dde05fb65e0720290179e', 1, NULL),
(680, 'name170', 'suername170', 'lastname170', 'email170', 'username170', 'e2cac5c5f7e52ab03441bb70e89726ddbd1f6e5b683dde05fb65e0720290179e', 1, NULL),
(681, 'name171', 'suername171', 'lastname171', 'email171', 'username171', 'e2cac5c5f7e52ab03441bb70e89726ddbd1f6e5b683dde05fb65e0720290179e', 1, NULL),
(682, 'name172', 'suername172', 'lastname172', 'email172', 'username172', 'e2cac5c5f7e52ab03441bb70e89726ddbd1f6e5b683dde05fb65e0720290179e', 1, NULL),
(683, 'name173', 'suername173', 'lastname173', 'email173', 'username173', 'e2cac5c5f7e52ab03441bb70e89726ddbd1f6e5b683dde05fb65e0720290179e', 1, NULL),
(684, 'name174', 'suername174', 'lastname174', 'email174', 'username174', 'e2cac5c5f7e52ab03441bb70e89726ddbd1f6e5b683dde05fb65e0720290179e', 1, NULL),
(685, 'name175', 'suername175', 'lastname175', 'email175', 'username175', 'e2cac5c5f7e52ab03441bb70e89726ddbd1f6e5b683dde05fb65e0720290179e', 1, NULL),
(686, 'name176', 'suername176', 'lastname176', 'email176', 'username176', 'e2cac5c5f7e52ab03441bb70e89726ddbd1f6e5b683dde05fb65e0720290179e', 1, NULL),
(687, 'name177', 'suername177', 'lastname177', 'email177', 'username177', 'e2cac5c5f7e52ab03441bb70e89726ddbd1f6e5b683dde05fb65e0720290179e', 1, NULL),
(688, 'name178', 'suername178', 'lastname178', 'email178', 'username178', 'e2cac5c5f7e52ab03441bb70e89726ddbd1f6e5b683dde05fb65e0720290179e', 1, NULL),
(689, 'name179', 'suername179', 'lastname179', 'email179', 'username179', 'e2cac5c5f7e52ab03441bb70e89726ddbd1f6e5b683dde05fb65e0720290179e', 1, NULL),
(690, 'name180', 'suername180', 'lastname180', 'email180', 'username180', 'e2cac5c5f7e52ab03441bb70e89726ddbd1f6e5b683dde05fb65e0720290179e', 1, NULL),
(691, 'name181', 'suername181', 'lastname181', 'email181', 'username181', 'e2cac5c5f7e52ab03441bb70e89726ddbd1f6e5b683dde05fb65e0720290179e', 1, NULL),
(692, 'name182', 'suername182', 'lastname182', 'email182', 'username182', 'e2cac5c5f7e52ab03441bb70e89726ddbd1f6e5b683dde05fb65e0720290179e', 1, NULL),
(693, 'name183', 'suername183', 'lastname183', 'email183', 'username183', 'e2cac5c5f7e52ab03441bb70e89726ddbd1f6e5b683dde05fb65e0720290179e', 1, NULL),
(694, 'name184', 'suername184', 'lastname184', 'email184', 'username184', 'e2cac5c5f7e52ab03441bb70e89726ddbd1f6e5b683dde05fb65e0720290179e', 1, NULL),
(695, 'name185', 'suername185', 'lastname185', 'email185', 'username185', 'e2cac5c5f7e52ab03441bb70e89726ddbd1f6e5b683dde05fb65e0720290179e', 1, NULL),
(696, 'name186', 'suername186', 'lastname186', 'email186', 'username186', 'e2cac5c5f7e52ab03441bb70e89726ddbd1f6e5b683dde05fb65e0720290179e', 1, NULL),
(697, 'name187', 'suername187', 'lastname187', 'email187', 'username187', 'e2cac5c5f7e52ab03441bb70e89726ddbd1f6e5b683dde05fb65e0720290179e', 1, NULL),
(698, 'name188', 'suername188', 'lastname188', 'email188', 'username188', 'e2cac5c5f7e52ab03441bb70e89726ddbd1f6e5b683dde05fb65e0720290179e', 1, NULL),
(699, 'name189', 'suername189', 'lastname189', 'email189', 'username189', 'e2cac5c5f7e52ab03441bb70e89726ddbd1f6e5b683dde05fb65e0720290179e', 1, NULL),
(700, 'name190', 'suername190', 'lastname190', 'email190', 'username190', 'e2cac5c5f7e52ab03441bb70e89726ddbd1f6e5b683dde05fb65e0720290179e', 1, NULL),
(701, 'name191', 'suername191', 'lastname191', 'email191', 'username191', 'e2cac5c5f7e52ab03441bb70e89726ddbd1f6e5b683dde05fb65e0720290179e', 1, NULL),
(702, 'name192', 'suername192', 'lastname192', 'email192', 'username192', 'e2cac5c5f7e52ab03441bb70e89726ddbd1f6e5b683dde05fb65e0720290179e', 1, NULL),
(703, 'name193', 'suername193', 'lastname193', 'email193', 'username193', 'e2cac5c5f7e52ab03441bb70e89726ddbd1f6e5b683dde05fb65e0720290179e', 1, NULL),
(704, 'name194', 'suername194', 'lastname194', 'email194', 'username194', 'e2cac5c5f7e52ab03441bb70e89726ddbd1f6e5b683dde05fb65e0720290179e', 1, NULL),
(705, 'name195', 'suername195', 'lastname195', 'email195', 'username195', 'e2cac5c5f7e52ab03441bb70e89726ddbd1f6e5b683dde05fb65e0720290179e', 1, NULL),
(706, 'name196', 'suername196', 'lastname196', 'email196', 'username196', 'e2cac5c5f7e52ab03441bb70e89726ddbd1f6e5b683dde05fb65e0720290179e', 1, NULL),
(707, 'name197', 'suername197', 'lastname197', 'email197', 'username197', 'e2cac5c5f7e52ab03441bb70e89726ddbd1f6e5b683dde05fb65e0720290179e', 1, NULL),
(708, 'name198', 'suername198', 'lastname198', 'email198', 'username198', 'e2cac5c5f7e52ab03441bb70e89726ddbd1f6e5b683dde05fb65e0720290179e', 1, NULL),
(709, 'name199', 'suername199', 'lastname199', 'email199', 'username199', 'e2cac5c5f7e52ab03441bb70e89726ddbd1f6e5b683dde05fb65e0720290179e', 1, NULL),
(710, 'name200', 'suername200', 'lastname200', 'email200', 'username200', 'e2cac5c5f7e52ab03441bb70e89726ddbd1f6e5b683dde05fb65e0720290179e', 1, NULL),
(711, 'name201', 'suername201', 'lastname201', 'email201', 'username201', 'e2cac5c5f7e52ab03441bb70e89726ddbd1f6e5b683dde05fb65e0720290179e', 1, NULL),
(712, 'name202', 'suername202', 'lastname202', 'email202', 'username202', 'e2cac5c5f7e52ab03441bb70e89726ddbd1f6e5b683dde05fb65e0720290179e', 1, NULL),
(713, 'name203', 'suername203', 'lastname203', 'email203', 'username203', 'e2cac5c5f7e52ab03441bb70e89726ddbd1f6e5b683dde05fb65e0720290179e', 1, NULL),
(714, 'name204', 'suername204', 'lastname204', 'email204', 'username204', 'e2cac5c5f7e52ab03441bb70e89726ddbd1f6e5b683dde05fb65e0720290179e', 1, NULL),
(715, 'name205', 'suername205', 'lastname205', 'email205', 'username205', 'e2cac5c5f7e52ab03441bb70e89726ddbd1f6e5b683dde05fb65e0720290179e', 1, NULL),
(716, 'name206', 'suername206', 'lastname206', 'email206', 'username206', 'e2cac5c5f7e52ab03441bb70e89726ddbd1f6e5b683dde05fb65e0720290179e', 1, NULL),
(717, 'name207', 'suername207', 'lastname207', 'email207', 'username207', 'e2cac5c5f7e52ab03441bb70e89726ddbd1f6e5b683dde05fb65e0720290179e', 1, NULL),
(718, 'name208', 'suername208', 'lastname208', 'email208', 'username208', 'e2cac5c5f7e52ab03441bb70e89726ddbd1f6e5b683dde05fb65e0720290179e', 1, NULL),
(719, 'name209', 'suername209', 'lastname209', 'email209', 'username209', 'e2cac5c5f7e52ab03441bb70e89726ddbd1f6e5b683dde05fb65e0720290179e', 1, NULL),
(720, 'name210', 'suername210', 'lastname210', 'email210', 'username210', 'e2cac5c5f7e52ab03441bb70e89726ddbd1f6e5b683dde05fb65e0720290179e', 1, NULL),
(721, 'name211', 'suername211', 'lastname211', 'email211', 'username211', 'e2cac5c5f7e52ab03441bb70e89726ddbd1f6e5b683dde05fb65e0720290179e', 1, NULL),
(722, 'name212', 'suername212', 'lastname212', 'email212', 'username212', 'e2cac5c5f7e52ab03441bb70e89726ddbd1f6e5b683dde05fb65e0720290179e', 1, NULL),
(723, 'name213', 'suername213', 'lastname213', 'email213', 'username213', 'e2cac5c5f7e52ab03441bb70e89726ddbd1f6e5b683dde05fb65e0720290179e', 1, NULL),
(724, 'name214', 'suername214', 'lastname214', 'email214', 'username214', 'e2cac5c5f7e52ab03441bb70e89726ddbd1f6e5b683dde05fb65e0720290179e', 1, NULL),
(725, 'name215', 'suername215', 'lastname215', 'email215', 'username215', 'e2cac5c5f7e52ab03441bb70e89726ddbd1f6e5b683dde05fb65e0720290179e', 1, NULL),
(726, 'name216', 'suername216', 'lastname216', 'email216', 'username216', 'e2cac5c5f7e52ab03441bb70e89726ddbd1f6e5b683dde05fb65e0720290179e', 1, NULL),
(727, 'name217', 'suername217', 'lastname217', 'email217', 'username217', 'e2cac5c5f7e52ab03441bb70e89726ddbd1f6e5b683dde05fb65e0720290179e', 1, NULL),
(728, 'name218', 'suername218', 'lastname218', 'email218', 'username218', 'e2cac5c5f7e52ab03441bb70e89726ddbd1f6e5b683dde05fb65e0720290179e', 1, NULL),
(729, 'name219', 'suername219', 'lastname219', 'email219', 'username219', 'e2cac5c5f7e52ab03441bb70e89726ddbd1f6e5b683dde05fb65e0720290179e', 1, NULL),
(730, 'name220', 'suername220', 'lastname220', 'email220', 'username220', 'e2cac5c5f7e52ab03441bb70e89726ddbd1f6e5b683dde05fb65e0720290179e', 1, NULL),
(731, 'name221', 'suername221', 'lastname221', 'email221', 'username221', 'e2cac5c5f7e52ab03441bb70e89726ddbd1f6e5b683dde05fb65e0720290179e', 1, NULL),
(732, 'name222', 'suername222', 'lastname222', 'email222', 'username222', 'e2cac5c5f7e52ab03441bb70e89726ddbd1f6e5b683dde05fb65e0720290179e', 1, NULL),
(733, 'name223', 'suername223', 'lastname223', 'email223', 'username223', 'e2cac5c5f7e52ab03441bb70e89726ddbd1f6e5b683dde05fb65e0720290179e', 1, NULL),
(734, 'name224', 'suername224', 'lastname224', 'email224', 'username224', 'e2cac5c5f7e52ab03441bb70e89726ddbd1f6e5b683dde05fb65e0720290179e', 1, NULL),
(735, 'name225', 'suername225', 'lastname225', 'email225', 'username225', 'e2cac5c5f7e52ab03441bb70e89726ddbd1f6e5b683dde05fb65e0720290179e', 1, NULL),
(736, 'name226', 'suername226', 'lastname226', 'email226', 'username226', 'e2cac5c5f7e52ab03441bb70e89726ddbd1f6e5b683dde05fb65e0720290179e', 1, NULL),
(737, 'name227', 'suername227', 'lastname227', 'email227', 'username227', 'e2cac5c5f7e52ab03441bb70e89726ddbd1f6e5b683dde05fb65e0720290179e', 1, NULL),
(738, 'name228', 'suername228', 'lastname228', 'email228', 'username228', 'e2cac5c5f7e52ab03441bb70e89726ddbd1f6e5b683dde05fb65e0720290179e', 1, NULL),
(739, 'name229', 'suername229', 'lastname229', 'email229', 'username229', 'e2cac5c5f7e52ab03441bb70e89726ddbd1f6e5b683dde05fb65e0720290179e', 1, NULL),
(740, 'name230', 'suername230', 'lastname230', 'email230', 'username230', 'e2cac5c5f7e52ab03441bb70e89726ddbd1f6e5b683dde05fb65e0720290179e', 1, NULL),
(741, 'name231', 'suername231', 'lastname231', 'email231', 'username231', 'e2cac5c5f7e52ab03441bb70e89726ddbd1f6e5b683dde05fb65e0720290179e', 1, NULL),
(742, 'name232', 'suername232', 'lastname232', 'email232', 'username232', 'e2cac5c5f7e52ab03441bb70e89726ddbd1f6e5b683dde05fb65e0720290179e', 1, NULL),
(743, 'name233', 'suername233', 'lastname233', 'email233', 'username233', 'e2cac5c5f7e52ab03441bb70e89726ddbd1f6e5b683dde05fb65e0720290179e', 1, NULL),
(744, 'name234', 'suername234', 'lastname234', 'email234', 'username234', 'e2cac5c5f7e52ab03441bb70e89726ddbd1f6e5b683dde05fb65e0720290179e', 1, NULL),
(745, 'name235', 'suername235', 'lastname235', 'email235', 'username235', 'e2cac5c5f7e52ab03441bb70e89726ddbd1f6e5b683dde05fb65e0720290179e', 1, NULL),
(746, 'name236', 'suername236', 'lastname236', 'email236', 'username236', 'e2cac5c5f7e52ab03441bb70e89726ddbd1f6e5b683dde05fb65e0720290179e', 1, NULL),
(747, 'name237', 'suername237', 'lastname237', 'email237', 'username237', 'e2cac5c5f7e52ab03441bb70e89726ddbd1f6e5b683dde05fb65e0720290179e', 1, NULL),
(748, 'name238', 'suername238', 'lastname238', 'email238', 'username238', 'e2cac5c5f7e52ab03441bb70e89726ddbd1f6e5b683dde05fb65e0720290179e', 1, NULL),
(749, 'name239', 'suername239', 'lastname239', 'email239', 'username239', 'e2cac5c5f7e52ab03441bb70e89726ddbd1f6e5b683dde05fb65e0720290179e', 1, NULL),
(750, 'name240', 'suername240', 'lastname240', 'email240', 'username240', 'e2cac5c5f7e52ab03441bb70e89726ddbd1f6e5b683dde05fb65e0720290179e', 1, NULL),
(751, 'name241', 'suername241', 'lastname241', 'email241', 'username241', 'e2cac5c5f7e52ab03441bb70e89726ddbd1f6e5b683dde05fb65e0720290179e', 1, NULL),
(752, 'name242', 'suername242', 'lastname242', 'email242', 'username242', 'e2cac5c5f7e52ab03441bb70e89726ddbd1f6e5b683dde05fb65e0720290179e', 1, NULL),
(753, 'name243', 'suername243', 'lastname243', 'email243', 'username243', 'e2cac5c5f7e52ab03441bb70e89726ddbd1f6e5b683dde05fb65e0720290179e', 1, NULL),
(754, 'name244', 'suername244', 'lastname244', 'email244', 'username244', 'e2cac5c5f7e52ab03441bb70e89726ddbd1f6e5b683dde05fb65e0720290179e', 1, NULL),
(755, 'name245', 'suername245', 'lastname245', 'email245', 'username245', 'e2cac5c5f7e52ab03441bb70e89726ddbd1f6e5b683dde05fb65e0720290179e', 1, NULL),
(756, 'name246', 'suername246', 'lastname246', 'email246', 'username246', 'e2cac5c5f7e52ab03441bb70e89726ddbd1f6e5b683dde05fb65e0720290179e', 1, NULL),
(757, 'name247', 'suername247', 'lastname247', 'email247', 'username247', 'e2cac5c5f7e52ab03441bb70e89726ddbd1f6e5b683dde05fb65e0720290179e', 1, NULL),
(758, 'name248', 'suername248', 'lastname248', 'email248', 'username248', 'e2cac5c5f7e52ab03441bb70e89726ddbd1f6e5b683dde05fb65e0720290179e', 1, NULL),
(759, 'name249', 'suername249', 'lastname249', 'email249', 'username249', 'e2cac5c5f7e52ab03441bb70e89726ddbd1f6e5b683dde05fb65e0720290179e', 1, NULL),
(760, 'name250', 'suername250', 'lastname250', 'email250', 'username250', 'e2cac5c5f7e52ab03441bb70e89726ddbd1f6e5b683dde05fb65e0720290179e', 1, NULL),
(761, 'name251', 'suername251', 'lastname251', 'email251', 'username251', 'e2cac5c5f7e52ab03441bb70e89726ddbd1f6e5b683dde05fb65e0720290179e', 1, NULL),
(762, 'name252', 'suername252', 'lastname252', 'email252', 'username252', 'e2cac5c5f7e52ab03441bb70e89726ddbd1f6e5b683dde05fb65e0720290179e', 1, NULL),
(763, 'name253', 'suername253', 'lastname253', 'email253', 'username253', 'e2cac5c5f7e52ab03441bb70e89726ddbd1f6e5b683dde05fb65e0720290179e', 1, NULL),
(764, 'name254', 'suername254', 'lastname254', 'email254', 'username254', 'e2cac5c5f7e52ab03441bb70e89726ddbd1f6e5b683dde05fb65e0720290179e', 1, NULL),
(765, 'name255', 'suername255', 'lastname255', 'email255', 'username255', 'e2cac5c5f7e52ab03441bb70e89726ddbd1f6e5b683dde05fb65e0720290179e', 1, NULL),
(766, 'name256', 'suername256', 'lastname256', 'email256', 'username256', 'e2cac5c5f7e52ab03441bb70e89726ddbd1f6e5b683dde05fb65e0720290179e', 1, NULL),
(767, 'name257', 'suername257', 'lastname257', 'email257', 'username257', 'e2cac5c5f7e52ab03441bb70e89726ddbd1f6e5b683dde05fb65e0720290179e', 1, NULL),
(768, 'name258', 'suername258', 'lastname258', 'email258', 'username258', 'e2cac5c5f7e52ab03441bb70e89726ddbd1f6e5b683dde05fb65e0720290179e', 1, NULL),
(769, 'name259', 'suername259', 'lastname259', 'email259', 'username259', 'e2cac5c5f7e52ab03441bb70e89726ddbd1f6e5b683dde05fb65e0720290179e', 1, NULL),
(770, 'name260', 'suername260', 'lastname260', 'email260', 'username260', 'e2cac5c5f7e52ab03441bb70e89726ddbd1f6e5b683dde05fb65e0720290179e', 1, NULL),
(771, 'name261', 'suername261', 'lastname261', 'email261', 'username261', 'e2cac5c5f7e52ab03441bb70e89726ddbd1f6e5b683dde05fb65e0720290179e', 1, NULL),
(772, 'name262', 'suername262', 'lastname262', 'email262', 'username262', 'e2cac5c5f7e52ab03441bb70e89726ddbd1f6e5b683dde05fb65e0720290179e', 1, NULL),
(773, 'name263', 'suername263', 'lastname263', 'email263', 'username263', 'e2cac5c5f7e52ab03441bb70e89726ddbd1f6e5b683dde05fb65e0720290179e', 1, NULL),
(774, 'name264', 'suername264', 'lastname264', 'email264', 'username264', 'e2cac5c5f7e52ab03441bb70e89726ddbd1f6e5b683dde05fb65e0720290179e', 1, NULL),
(775, 'name265', 'suername265', 'lastname265', 'email265', 'username265', 'e2cac5c5f7e52ab03441bb70e89726ddbd1f6e5b683dde05fb65e0720290179e', 1, NULL),
(776, 'name266', 'suername266', 'lastname266', 'email266', 'username266', 'e2cac5c5f7e52ab03441bb70e89726ddbd1f6e5b683dde05fb65e0720290179e', 1, NULL),
(777, 'name267', 'suername267', 'lastname267', 'email267', 'username267', 'e2cac5c5f7e52ab03441bb70e89726ddbd1f6e5b683dde05fb65e0720290179e', 1, NULL),
(778, 'name268', 'suername268', 'lastname268', 'email268', 'username268', 'e2cac5c5f7e52ab03441bb70e89726ddbd1f6e5b683dde05fb65e0720290179e', 1, NULL),
(779, 'name269', 'suername269', 'lastname269', 'email269', 'username269', 'e2cac5c5f7e52ab03441bb70e89726ddbd1f6e5b683dde05fb65e0720290179e', 1, NULL),
(780, 'name270', 'suername270', 'lastname270', 'email270', 'username270', 'e2cac5c5f7e52ab03441bb70e89726ddbd1f6e5b683dde05fb65e0720290179e', 1, NULL),
(781, 'name271', 'suername271', 'lastname271', 'email271', 'username271', 'e2cac5c5f7e52ab03441bb70e89726ddbd1f6e5b683dde05fb65e0720290179e', 1, NULL),
(782, 'name272', 'suername272', 'lastname272', 'email272', 'username272', 'e2cac5c5f7e52ab03441bb70e89726ddbd1f6e5b683dde05fb65e0720290179e', 1, NULL),
(783, 'name273', 'suername273', 'lastname273', 'email273', 'username273', 'e2cac5c5f7e52ab03441bb70e89726ddbd1f6e5b683dde05fb65e0720290179e', 1, NULL),
(784, 'name274', 'suername274', 'lastname274', 'email274', 'username274', 'e2cac5c5f7e52ab03441bb70e89726ddbd1f6e5b683dde05fb65e0720290179e', 1, NULL),
(785, 'name275', 'suername275', 'lastname275', 'email275', 'username275', 'e2cac5c5f7e52ab03441bb70e89726ddbd1f6e5b683dde05fb65e0720290179e', 1, NULL),
(786, 'name276', 'suername276', 'lastname276', 'email276', 'username276', 'e2cac5c5f7e52ab03441bb70e89726ddbd1f6e5b683dde05fb65e0720290179e', 1, NULL),
(787, 'name277', 'suername277', 'lastname277', 'email277', 'username277', 'e2cac5c5f7e52ab03441bb70e89726ddbd1f6e5b683dde05fb65e0720290179e', 1, NULL),
(788, 'name278', 'suername278', 'lastname278', 'email278', 'username278', 'e2cac5c5f7e52ab03441bb70e89726ddbd1f6e5b683dde05fb65e0720290179e', 1, NULL),
(789, 'name279', 'suername279', 'lastname279', 'email279', 'username279', 'e2cac5c5f7e52ab03441bb70e89726ddbd1f6e5b683dde05fb65e0720290179e', 1, NULL),
(790, 'name280', 'suername280', 'lastname280', 'email280', 'username280', 'e2cac5c5f7e52ab03441bb70e89726ddbd1f6e5b683dde05fb65e0720290179e', 1, NULL),
(791, 'name281', 'suername281', 'lastname281', 'email281', 'username281', 'e2cac5c5f7e52ab03441bb70e89726ddbd1f6e5b683dde05fb65e0720290179e', 1, NULL),
(792, 'name282', 'suername282', 'lastname282', 'email282', 'username282', 'e2cac5c5f7e52ab03441bb70e89726ddbd1f6e5b683dde05fb65e0720290179e', 1, NULL),
(793, 'name283', 'suername283', 'lastname283', 'email283', 'username283', 'e2cac5c5f7e52ab03441bb70e89726ddbd1f6e5b683dde05fb65e0720290179e', 1, NULL),
(794, 'name284', 'suername284', 'lastname284', 'email284', 'username284', 'e2cac5c5f7e52ab03441bb70e89726ddbd1f6e5b683dde05fb65e0720290179e', 1, NULL),
(795, 'name285', 'suername285', 'lastname285', 'email285', 'username285', 'e2cac5c5f7e52ab03441bb70e89726ddbd1f6e5b683dde05fb65e0720290179e', 1, NULL),
(796, 'name286', 'suername286', 'lastname286', 'email286', 'username286', 'e2cac5c5f7e52ab03441bb70e89726ddbd1f6e5b683dde05fb65e0720290179e', 1, NULL),
(797, 'name287', 'suername287', 'lastname287', 'email287', 'username287', 'e2cac5c5f7e52ab03441bb70e89726ddbd1f6e5b683dde05fb65e0720290179e', 1, NULL),
(798, 'name288', 'suername288', 'lastname288', 'email288', 'username288', 'e2cac5c5f7e52ab03441bb70e89726ddbd1f6e5b683dde05fb65e0720290179e', 1, NULL),
(799, 'name289', 'suername289', 'lastname289', 'email289', 'username289', 'e2cac5c5f7e52ab03441bb70e89726ddbd1f6e5b683dde05fb65e0720290179e', 1, NULL),
(800, 'name290', 'suername290', 'lastname290', 'email290', 'username290', 'e2cac5c5f7e52ab03441bb70e89726ddbd1f6e5b683dde05fb65e0720290179e', 1, NULL),
(801, 'name291', 'suername291', 'lastname291', 'email291', 'username291', 'e2cac5c5f7e52ab03441bb70e89726ddbd1f6e5b683dde05fb65e0720290179e', 1, NULL),
(802, 'name292', 'suername292', 'lastname292', 'email292', 'username292', 'e2cac5c5f7e52ab03441bb70e89726ddbd1f6e5b683dde05fb65e0720290179e', 1, NULL),
(803, 'name293', 'suername293', 'lastname293', 'email293', 'username293', 'e2cac5c5f7e52ab03441bb70e89726ddbd1f6e5b683dde05fb65e0720290179e', 1, NULL),
(804, 'name294', 'suername294', 'lastname294', 'email294', 'username294', 'e2cac5c5f7e52ab03441bb70e89726ddbd1f6e5b683dde05fb65e0720290179e', 1, NULL),
(805, 'name295', 'suername295', 'lastname295', 'email295', 'username295', 'e2cac5c5f7e52ab03441bb70e89726ddbd1f6e5b683dde05fb65e0720290179e', 1, NULL),
(806, 'name296', 'suername296', 'lastname296', 'email296', 'username296', 'e2cac5c5f7e52ab03441bb70e89726ddbd1f6e5b683dde05fb65e0720290179e', 1, NULL),
(807, 'name297', 'suername297', 'lastname297', 'email297', 'username297', 'e2cac5c5f7e52ab03441bb70e89726ddbd1f6e5b683dde05fb65e0720290179e', 1, NULL),
(808, 'name298', 'suername298', 'lastname298', 'email298', 'username298', 'e2cac5c5f7e52ab03441bb70e89726ddbd1f6e5b683dde05fb65e0720290179e', 1, NULL),
(809, 'name299', 'suername299', 'lastname299', 'email299', 'username299', 'e2cac5c5f7e52ab03441bb70e89726ddbd1f6e5b683dde05fb65e0720290179e', 1, NULL),
(810, 'name300', 'suername300', 'lastname300', 'email300', 'username300', 'e2cac5c5f7e52ab03441bb70e89726ddbd1f6e5b683dde05fb65e0720290179e', 1, NULL),
(811, 'name301', 'suername301', 'lastname301', 'email301', 'username301', 'e2cac5c5f7e52ab03441bb70e89726ddbd1f6e5b683dde05fb65e0720290179e', 1, NULL),
(812, 'name302', 'suername302', 'lastname302', 'email302', 'username302', 'e2cac5c5f7e52ab03441bb70e89726ddbd1f6e5b683dde05fb65e0720290179e', 1, NULL),
(813, 'name303', 'suername303', 'lastname303', 'email303', 'username303', 'e2cac5c5f7e52ab03441bb70e89726ddbd1f6e5b683dde05fb65e0720290179e', 1, NULL),
(814, 'name304', 'suername304', 'lastname304', 'email304', 'username304', 'e2cac5c5f7e52ab03441bb70e89726ddbd1f6e5b683dde05fb65e0720290179e', 1, NULL),
(815, 'name305', 'suername305', 'lastname305', 'email305', 'username305', 'e2cac5c5f7e52ab03441bb70e89726ddbd1f6e5b683dde05fb65e0720290179e', 1, NULL),
(816, 'name306', 'suername306', 'lastname306', 'email306', 'username306', 'e2cac5c5f7e52ab03441bb70e89726ddbd1f6e5b683dde05fb65e0720290179e', 1, NULL),
(817, 'name307', 'suername307', 'lastname307', 'email307', 'username307', 'e2cac5c5f7e52ab03441bb70e89726ddbd1f6e5b683dde05fb65e0720290179e', 1, NULL),
(818, 'name308', 'suername308', 'lastname308', 'email308', 'username308', 'e2cac5c5f7e52ab03441bb70e89726ddbd1f6e5b683dde05fb65e0720290179e', 1, NULL),
(819, 'name309', 'suername309', 'lastname309', 'email309', 'username309', 'e2cac5c5f7e52ab03441bb70e89726ddbd1f6e5b683dde05fb65e0720290179e', 1, NULL),
(820, 'name310', 'suername310', 'lastname310', 'email310', 'username310', 'e2cac5c5f7e52ab03441bb70e89726ddbd1f6e5b683dde05fb65e0720290179e', 1, NULL),
(821, 'name311', 'suername311', 'lastname311', 'email311', 'username311', 'e2cac5c5f7e52ab03441bb70e89726ddbd1f6e5b683dde05fb65e0720290179e', 1, NULL),
(822, 'name312', 'suername312', 'lastname312', 'email312', 'username312', 'e2cac5c5f7e52ab03441bb70e89726ddbd1f6e5b683dde05fb65e0720290179e', 1, NULL),
(823, 'name313', 'suername313', 'lastname313', 'email313', 'username313', 'e2cac5c5f7e52ab03441bb70e89726ddbd1f6e5b683dde05fb65e0720290179e', 1, NULL),
(824, 'name314', 'suername314', 'lastname314', 'email314', 'username314', 'e2cac5c5f7e52ab03441bb70e89726ddbd1f6e5b683dde05fb65e0720290179e', 1, NULL),
(825, 'name315', 'suername315', 'lastname315', 'email315', 'username315', 'e2cac5c5f7e52ab03441bb70e89726ddbd1f6e5b683dde05fb65e0720290179e', 1, NULL),
(826, 'name316', 'suername316', 'lastname316', 'email316', 'username316', 'e2cac5c5f7e52ab03441bb70e89726ddbd1f6e5b683dde05fb65e0720290179e', 1, NULL),
(827, 'name317', 'suername317', 'lastname317', 'email317', 'username317', 'e2cac5c5f7e52ab03441bb70e89726ddbd1f6e5b683dde05fb65e0720290179e', 1, NULL),
(828, 'name318', 'suername318', 'lastname318', 'email318', 'username318', 'e2cac5c5f7e52ab03441bb70e89726ddbd1f6e5b683dde05fb65e0720290179e', 1, NULL),
(829, 'name319', 'suername319', 'lastname319', 'email319', 'username319', 'e2cac5c5f7e52ab03441bb70e89726ddbd1f6e5b683dde05fb65e0720290179e', 1, NULL),
(830, 'name320', 'suername320', 'lastname320', 'email320', 'username320', 'e2cac5c5f7e52ab03441bb70e89726ddbd1f6e5b683dde05fb65e0720290179e', 1, NULL),
(831, 'name321', 'suername321', 'lastname321', 'email321', 'username321', 'e2cac5c5f7e52ab03441bb70e89726ddbd1f6e5b683dde05fb65e0720290179e', 1, NULL),
(832, 'name322', 'suername322', 'lastname322', 'email322', 'username322', 'e2cac5c5f7e52ab03441bb70e89726ddbd1f6e5b683dde05fb65e0720290179e', 1, NULL),
(833, 'name323', 'suername323', 'lastname323', 'email323', 'username323', 'e2cac5c5f7e52ab03441bb70e89726ddbd1f6e5b683dde05fb65e0720290179e', 1, NULL),
(834, 'name324', 'suername324', 'lastname324', 'email324', 'username324', 'e2cac5c5f7e52ab03441bb70e89726ddbd1f6e5b683dde05fb65e0720290179e', 1, NULL),
(835, 'name325', 'suername325', 'lastname325', 'email325', 'username325', 'e2cac5c5f7e52ab03441bb70e89726ddbd1f6e5b683dde05fb65e0720290179e', 1, NULL),
(836, 'name326', 'suername326', 'lastname326', 'email326', 'username326', 'e2cac5c5f7e52ab03441bb70e89726ddbd1f6e5b683dde05fb65e0720290179e', 1, NULL),
(837, 'name327', 'suername327', 'lastname327', 'email327', 'username327', 'e2cac5c5f7e52ab03441bb70e89726ddbd1f6e5b683dde05fb65e0720290179e', 1, NULL),
(838, 'name328', 'suername328', 'lastname328', 'email328', 'username328', 'e2cac5c5f7e52ab03441bb70e89726ddbd1f6e5b683dde05fb65e0720290179e', 1, NULL),
(839, 'name329', 'suername329', 'lastname329', 'email329', 'username329', 'e2cac5c5f7e52ab03441bb70e89726ddbd1f6e5b683dde05fb65e0720290179e', 1, NULL),
(840, 'name330', 'suername330', 'lastname330', 'email330', 'username330', 'e2cac5c5f7e52ab03441bb70e89726ddbd1f6e5b683dde05fb65e0720290179e', 1, NULL),
(841, 'name331', 'suername331', 'lastname331', 'email331', 'username331', 'e2cac5c5f7e52ab03441bb70e89726ddbd1f6e5b683dde05fb65e0720290179e', 1, NULL);
INSERT INTO `user` (`id`, `name`, `surname`, `lastname`, `email`, `username`, `password`, `role`, `usename`) VALUES
(842, 'name332', 'suername332', 'lastname332', 'email332', 'username332', 'e2cac5c5f7e52ab03441bb70e89726ddbd1f6e5b683dde05fb65e0720290179e', 1, NULL),
(843, 'name333', 'suername333', 'lastname333', 'email333', 'username333', 'e2cac5c5f7e52ab03441bb70e89726ddbd1f6e5b683dde05fb65e0720290179e', 1, NULL),
(844, 'name334', 'suername334', 'lastname334', 'email334', 'username334', 'e2cac5c5f7e52ab03441bb70e89726ddbd1f6e5b683dde05fb65e0720290179e', 1, NULL),
(845, 'name335', 'suername335', 'lastname335', 'email335', 'username335', 'e2cac5c5f7e52ab03441bb70e89726ddbd1f6e5b683dde05fb65e0720290179e', 1, NULL),
(846, 'name336', 'suername336', 'lastname336', 'email336', 'username336', 'e2cac5c5f7e52ab03441bb70e89726ddbd1f6e5b683dde05fb65e0720290179e', 1, NULL),
(847, 'name337', 'suername337', 'lastname337', 'email337', 'username337', 'e2cac5c5f7e52ab03441bb70e89726ddbd1f6e5b683dde05fb65e0720290179e', 1, NULL),
(848, 'name338', 'suername338', 'lastname338', 'email338', 'username338', 'e2cac5c5f7e52ab03441bb70e89726ddbd1f6e5b683dde05fb65e0720290179e', 1, NULL),
(849, 'name339', 'suername339', 'lastname339', 'email339', 'username339', 'e2cac5c5f7e52ab03441bb70e89726ddbd1f6e5b683dde05fb65e0720290179e', 1, NULL),
(850, 'name340', 'suername340', 'lastname340', 'email340', 'username340', 'e2cac5c5f7e52ab03441bb70e89726ddbd1f6e5b683dde05fb65e0720290179e', 1, NULL),
(851, 'name341', 'suername341', 'lastname341', 'email341', 'username341', 'e2cac5c5f7e52ab03441bb70e89726ddbd1f6e5b683dde05fb65e0720290179e', 1, NULL),
(852, 'name342', 'suername342', 'lastname342', 'email342', 'username342', 'e2cac5c5f7e52ab03441bb70e89726ddbd1f6e5b683dde05fb65e0720290179e', 1, NULL),
(853, 'name343', 'suername343', 'lastname343', 'email343', 'username343', 'e2cac5c5f7e52ab03441bb70e89726ddbd1f6e5b683dde05fb65e0720290179e', 1, NULL),
(854, 'name344', 'suername344', 'lastname344', 'email344', 'username344', 'e2cac5c5f7e52ab03441bb70e89726ddbd1f6e5b683dde05fb65e0720290179e', 1, NULL),
(855, 'name345', 'suername345', 'lastname345', 'email345', 'username345', 'e2cac5c5f7e52ab03441bb70e89726ddbd1f6e5b683dde05fb65e0720290179e', 1, NULL),
(856, 'name346', 'suername346', 'lastname346', 'email346', 'username346', 'e2cac5c5f7e52ab03441bb70e89726ddbd1f6e5b683dde05fb65e0720290179e', 1, NULL),
(857, 'name347', 'suername347', 'lastname347', 'email347', 'username347', 'e2cac5c5f7e52ab03441bb70e89726ddbd1f6e5b683dde05fb65e0720290179e', 1, NULL),
(858, 'name348', 'suername348', 'lastname348', 'email348', 'username348', 'e2cac5c5f7e52ab03441bb70e89726ddbd1f6e5b683dde05fb65e0720290179e', 1, NULL),
(859, 'name349', 'suername349', 'lastname349', 'email349', 'username349', 'e2cac5c5f7e52ab03441bb70e89726ddbd1f6e5b683dde05fb65e0720290179e', 1, NULL),
(860, 'name350', 'suername350', 'lastname350', 'email350', 'username350', 'e2cac5c5f7e52ab03441bb70e89726ddbd1f6e5b683dde05fb65e0720290179e', 1, NULL),
(861, 'name351', 'suername351', 'lastname351', 'email351', 'username351', 'e2cac5c5f7e52ab03441bb70e89726ddbd1f6e5b683dde05fb65e0720290179e', 1, NULL),
(862, 'name352', 'suername352', 'lastname352', 'email352', 'username352', 'e2cac5c5f7e52ab03441bb70e89726ddbd1f6e5b683dde05fb65e0720290179e', 1, NULL),
(863, 'name353', 'suername353', 'lastname353', 'email353', 'username353', 'e2cac5c5f7e52ab03441bb70e89726ddbd1f6e5b683dde05fb65e0720290179e', 1, NULL),
(864, 'name354', 'suername354', 'lastname354', 'email354', 'username354', 'e2cac5c5f7e52ab03441bb70e89726ddbd1f6e5b683dde05fb65e0720290179e', 1, NULL),
(865, 'name355', 'suername355', 'lastname355', 'email355', 'username355', 'e2cac5c5f7e52ab03441bb70e89726ddbd1f6e5b683dde05fb65e0720290179e', 1, NULL),
(866, 'name356', 'suername356', 'lastname356', 'email356', 'username356', 'e2cac5c5f7e52ab03441bb70e89726ddbd1f6e5b683dde05fb65e0720290179e', 1, NULL),
(867, 'name357', 'suername357', 'lastname357', 'email357', 'username357', 'e2cac5c5f7e52ab03441bb70e89726ddbd1f6e5b683dde05fb65e0720290179e', 1, NULL),
(868, 'name358', 'suername358', 'lastname358', 'email358', 'username358', 'e2cac5c5f7e52ab03441bb70e89726ddbd1f6e5b683dde05fb65e0720290179e', 1, NULL),
(869, 'name359', 'suername359', 'lastname359', 'email359', 'username359', 'e2cac5c5f7e52ab03441bb70e89726ddbd1f6e5b683dde05fb65e0720290179e', 1, NULL),
(870, 'name360', 'suername360', 'lastname360', 'email360', 'username360', 'e2cac5c5f7e52ab03441bb70e89726ddbd1f6e5b683dde05fb65e0720290179e', 1, NULL),
(871, 'name361', 'suername361', 'lastname361', 'email361', 'username361', 'e2cac5c5f7e52ab03441bb70e89726ddbd1f6e5b683dde05fb65e0720290179e', 1, NULL),
(872, 'name362', 'suername362', 'lastname362', 'email362', 'username362', 'e2cac5c5f7e52ab03441bb70e89726ddbd1f6e5b683dde05fb65e0720290179e', 1, NULL),
(873, 'name363', 'suername363', 'lastname363', 'email363', 'username363', 'e2cac5c5f7e52ab03441bb70e89726ddbd1f6e5b683dde05fb65e0720290179e', 1, NULL),
(874, 'name364', 'suername364', 'lastname364', 'email364', 'username364', 'e2cac5c5f7e52ab03441bb70e89726ddbd1f6e5b683dde05fb65e0720290179e', 1, NULL),
(875, 'name365', 'suername365', 'lastname365', 'email365', 'username365', 'e2cac5c5f7e52ab03441bb70e89726ddbd1f6e5b683dde05fb65e0720290179e', 1, NULL),
(876, 'name366', 'suername366', 'lastname366', 'email366', 'username366', 'e2cac5c5f7e52ab03441bb70e89726ddbd1f6e5b683dde05fb65e0720290179e', 1, NULL),
(877, 'name367', 'suername367', 'lastname367', 'email367', 'username367', 'e2cac5c5f7e52ab03441bb70e89726ddbd1f6e5b683dde05fb65e0720290179e', 1, NULL),
(878, 'name368', 'suername368', 'lastname368', 'email368', 'username368', 'e2cac5c5f7e52ab03441bb70e89726ddbd1f6e5b683dde05fb65e0720290179e', 1, NULL),
(879, 'name369', 'suername369', 'lastname369', 'email369', 'username369', 'e2cac5c5f7e52ab03441bb70e89726ddbd1f6e5b683dde05fb65e0720290179e', 1, NULL),
(880, 'name370', 'suername370', 'lastname370', 'email370', 'username370', 'e2cac5c5f7e52ab03441bb70e89726ddbd1f6e5b683dde05fb65e0720290179e', 1, NULL),
(881, 'name371', 'suername371', 'lastname371', 'email371', 'username371', 'e2cac5c5f7e52ab03441bb70e89726ddbd1f6e5b683dde05fb65e0720290179e', 1, NULL),
(882, 'name372', 'suername372', 'lastname372', 'email372', 'username372', 'e2cac5c5f7e52ab03441bb70e89726ddbd1f6e5b683dde05fb65e0720290179e', 1, NULL),
(883, 'name373', 'suername373', 'lastname373', 'email373', 'username373', 'e2cac5c5f7e52ab03441bb70e89726ddbd1f6e5b683dde05fb65e0720290179e', 1, NULL),
(884, 'name374', 'suername374', 'lastname374', 'email374', 'username374', 'e2cac5c5f7e52ab03441bb70e89726ddbd1f6e5b683dde05fb65e0720290179e', 1, NULL),
(885, 'name375', 'suername375', 'lastname375', 'email375', 'username375', 'e2cac5c5f7e52ab03441bb70e89726ddbd1f6e5b683dde05fb65e0720290179e', 1, NULL),
(886, 'name376', 'suername376', 'lastname376', 'email376', 'username376', 'e2cac5c5f7e52ab03441bb70e89726ddbd1f6e5b683dde05fb65e0720290179e', 1, NULL),
(887, 'name377', 'suername377', 'lastname377', 'email377', 'username377', 'e2cac5c5f7e52ab03441bb70e89726ddbd1f6e5b683dde05fb65e0720290179e', 1, NULL),
(888, 'name378', 'suername378', 'lastname378', 'email378', 'username378', 'e2cac5c5f7e52ab03441bb70e89726ddbd1f6e5b683dde05fb65e0720290179e', 1, NULL),
(889, 'name379', 'suername379', 'lastname379', 'email379', 'username379', 'e2cac5c5f7e52ab03441bb70e89726ddbd1f6e5b683dde05fb65e0720290179e', 1, NULL),
(890, 'name380', 'suername380', 'lastname380', 'email380', 'username380', 'e2cac5c5f7e52ab03441bb70e89726ddbd1f6e5b683dde05fb65e0720290179e', 1, NULL),
(891, 'name381', 'suername381', 'lastname381', 'email381', 'username381', 'e2cac5c5f7e52ab03441bb70e89726ddbd1f6e5b683dde05fb65e0720290179e', 1, NULL),
(892, 'name382', 'suername382', 'lastname382', 'email382', 'username382', 'e2cac5c5f7e52ab03441bb70e89726ddbd1f6e5b683dde05fb65e0720290179e', 1, NULL),
(893, 'name383', 'suername383', 'lastname383', 'email383', 'username383', 'e2cac5c5f7e52ab03441bb70e89726ddbd1f6e5b683dde05fb65e0720290179e', 1, NULL),
(894, 'name384', 'suername384', 'lastname384', 'email384', 'username384', 'e2cac5c5f7e52ab03441bb70e89726ddbd1f6e5b683dde05fb65e0720290179e', 1, NULL),
(895, 'name385', 'suername385', 'lastname385', 'email385', 'username385', 'e2cac5c5f7e52ab03441bb70e89726ddbd1f6e5b683dde05fb65e0720290179e', 1, NULL),
(896, 'name386', 'suername386', 'lastname386', 'email386', 'username386', 'e2cac5c5f7e52ab03441bb70e89726ddbd1f6e5b683dde05fb65e0720290179e', 1, NULL),
(897, 'name387', 'suername387', 'lastname387', 'email387', 'username387', 'e2cac5c5f7e52ab03441bb70e89726ddbd1f6e5b683dde05fb65e0720290179e', 1, NULL),
(898, 'name388', 'suername388', 'lastname388', 'email388', 'username388', 'e2cac5c5f7e52ab03441bb70e89726ddbd1f6e5b683dde05fb65e0720290179e', 1, NULL),
(899, 'name389', 'suername389', 'lastname389', 'email389', 'username389', 'e2cac5c5f7e52ab03441bb70e89726ddbd1f6e5b683dde05fb65e0720290179e', 1, NULL),
(900, 'name390', 'suername390', 'lastname390', 'email390', 'username390', 'e2cac5c5f7e52ab03441bb70e89726ddbd1f6e5b683dde05fb65e0720290179e', 1, NULL),
(901, 'name391', 'suername391', 'lastname391', 'email391', 'username391', 'e2cac5c5f7e52ab03441bb70e89726ddbd1f6e5b683dde05fb65e0720290179e', 1, NULL),
(902, 'name392', 'suername392', 'lastname392', 'email392', 'username392', 'e2cac5c5f7e52ab03441bb70e89726ddbd1f6e5b683dde05fb65e0720290179e', 1, NULL),
(903, 'name393', 'suername393', 'lastname393', 'email393', 'username393', 'e2cac5c5f7e52ab03441bb70e89726ddbd1f6e5b683dde05fb65e0720290179e', 1, NULL),
(904, 'name394', 'suername394', 'lastname394', 'email394', 'username394', 'e2cac5c5f7e52ab03441bb70e89726ddbd1f6e5b683dde05fb65e0720290179e', 1, NULL),
(905, 'name395', 'suername395', 'lastname395', 'email395', 'username395', 'e2cac5c5f7e52ab03441bb70e89726ddbd1f6e5b683dde05fb65e0720290179e', 1, NULL),
(906, 'name396', 'suername396', 'lastname396', 'email396', 'username396', 'e2cac5c5f7e52ab03441bb70e89726ddbd1f6e5b683dde05fb65e0720290179e', 1, NULL),
(907, 'name397', 'suername397', 'lastname397', 'email397', 'username397', 'e2cac5c5f7e52ab03441bb70e89726ddbd1f6e5b683dde05fb65e0720290179e', 1, NULL),
(908, 'name398', 'suername398', 'lastname398', 'email398', 'username398', 'e2cac5c5f7e52ab03441bb70e89726ddbd1f6e5b683dde05fb65e0720290179e', 1, NULL),
(909, 'name399', 'suername399', 'lastname399', 'email399', 'username399', 'e2cac5c5f7e52ab03441bb70e89726ddbd1f6e5b683dde05fb65e0720290179e', 1, NULL),
(910, 'name400', 'suername400', 'lastname400', 'email400', 'username400', 'e2cac5c5f7e52ab03441bb70e89726ddbd1f6e5b683dde05fb65e0720290179e', 1, NULL),
(911, 'name401', 'suername401', 'lastname401', 'email401', 'username401', 'e2cac5c5f7e52ab03441bb70e89726ddbd1f6e5b683dde05fb65e0720290179e', 1, NULL),
(912, 'name402', 'suername402', 'lastname402', 'email402', 'username402', 'e2cac5c5f7e52ab03441bb70e89726ddbd1f6e5b683dde05fb65e0720290179e', 1, NULL),
(913, 'name403', 'suername403', 'lastname403', 'email403', 'username403', 'e2cac5c5f7e52ab03441bb70e89726ddbd1f6e5b683dde05fb65e0720290179e', 1, NULL),
(914, 'name404', 'suername404', 'lastname404', 'email404', 'username404', 'e2cac5c5f7e52ab03441bb70e89726ddbd1f6e5b683dde05fb65e0720290179e', 1, NULL),
(915, 'name405', 'suername405', 'lastname405', 'email405', 'username405', 'e2cac5c5f7e52ab03441bb70e89726ddbd1f6e5b683dde05fb65e0720290179e', 1, NULL),
(916, 'name406', 'suername406', 'lastname406', 'email406', 'username406', 'e2cac5c5f7e52ab03441bb70e89726ddbd1f6e5b683dde05fb65e0720290179e', 1, NULL),
(917, 'name407', 'suername407', 'lastname407', 'email407', 'username407', 'e2cac5c5f7e52ab03441bb70e89726ddbd1f6e5b683dde05fb65e0720290179e', 1, NULL),
(918, 'name408', 'suername408', 'lastname408', 'email408', 'username408', 'e2cac5c5f7e52ab03441bb70e89726ddbd1f6e5b683dde05fb65e0720290179e', 1, NULL),
(919, 'name409', 'suername409', 'lastname409', 'email409', 'username409', 'e2cac5c5f7e52ab03441bb70e89726ddbd1f6e5b683dde05fb65e0720290179e', 1, NULL),
(920, 'name410', 'suername410', 'lastname410', 'email410', 'username410', 'e2cac5c5f7e52ab03441bb70e89726ddbd1f6e5b683dde05fb65e0720290179e', 1, NULL),
(921, 'name411', 'suername411', 'lastname411', 'email411', 'username411', 'e2cac5c5f7e52ab03441bb70e89726ddbd1f6e5b683dde05fb65e0720290179e', 1, NULL),
(922, 'name412', 'suername412', 'lastname412', 'email412', 'username412', 'e2cac5c5f7e52ab03441bb70e89726ddbd1f6e5b683dde05fb65e0720290179e', 1, NULL),
(923, 'name413', 'suername413', 'lastname413', 'email413', 'username413', 'e2cac5c5f7e52ab03441bb70e89726ddbd1f6e5b683dde05fb65e0720290179e', 1, NULL),
(924, 'name414', 'suername414', 'lastname414', 'email414', 'username414', 'e2cac5c5f7e52ab03441bb70e89726ddbd1f6e5b683dde05fb65e0720290179e', 1, NULL),
(925, 'name415', 'suername415', 'lastname415', 'email415', 'username415', 'e2cac5c5f7e52ab03441bb70e89726ddbd1f6e5b683dde05fb65e0720290179e', 1, NULL),
(926, 'name416', 'suername416', 'lastname416', 'email416', 'username416', 'e2cac5c5f7e52ab03441bb70e89726ddbd1f6e5b683dde05fb65e0720290179e', 1, NULL),
(927, 'name417', 'suername417', 'lastname417', 'email417', 'username417', 'e2cac5c5f7e52ab03441bb70e89726ddbd1f6e5b683dde05fb65e0720290179e', 1, NULL),
(928, 'name418', 'suername418', 'lastname418', 'email418', 'username418', 'e2cac5c5f7e52ab03441bb70e89726ddbd1f6e5b683dde05fb65e0720290179e', 1, NULL),
(929, 'name419', 'suername419', 'lastname419', 'email419', 'username419', 'e2cac5c5f7e52ab03441bb70e89726ddbd1f6e5b683dde05fb65e0720290179e', 1, NULL),
(930, 'name420', 'suername420', 'lastname420', 'email420', 'username420', 'e2cac5c5f7e52ab03441bb70e89726ddbd1f6e5b683dde05fb65e0720290179e', 1, NULL),
(931, 'name421', 'suername421', 'lastname421', 'email421', 'username421', 'e2cac5c5f7e52ab03441bb70e89726ddbd1f6e5b683dde05fb65e0720290179e', 1, NULL),
(932, 'name422', 'suername422', 'lastname422', 'email422', 'username422', 'e2cac5c5f7e52ab03441bb70e89726ddbd1f6e5b683dde05fb65e0720290179e', 1, NULL),
(933, 'name423', 'suername423', 'lastname423', 'email423', 'username423', 'e2cac5c5f7e52ab03441bb70e89726ddbd1f6e5b683dde05fb65e0720290179e', 1, NULL),
(934, 'name424', 'suername424', 'lastname424', 'email424', 'username424', 'e2cac5c5f7e52ab03441bb70e89726ddbd1f6e5b683dde05fb65e0720290179e', 1, NULL),
(935, 'name425', 'suername425', 'lastname425', 'email425', 'username425', 'e2cac5c5f7e52ab03441bb70e89726ddbd1f6e5b683dde05fb65e0720290179e', 1, NULL),
(936, 'name426', 'suername426', 'lastname426', 'email426', 'username426', 'e2cac5c5f7e52ab03441bb70e89726ddbd1f6e5b683dde05fb65e0720290179e', 1, NULL),
(937, 'name427', 'suername427', 'lastname427', 'email427', 'username427', 'e2cac5c5f7e52ab03441bb70e89726ddbd1f6e5b683dde05fb65e0720290179e', 1, NULL),
(938, 'name428', 'suername428', 'lastname428', 'email428', 'username428', 'e2cac5c5f7e52ab03441bb70e89726ddbd1f6e5b683dde05fb65e0720290179e', 1, NULL),
(939, 'name429', 'suername429', 'lastname429', 'email429', 'username429', 'e2cac5c5f7e52ab03441bb70e89726ddbd1f6e5b683dde05fb65e0720290179e', 1, NULL),
(940, 'name430', 'suername430', 'lastname430', 'email430', 'username430', 'e2cac5c5f7e52ab03441bb70e89726ddbd1f6e5b683dde05fb65e0720290179e', 1, NULL),
(941, 'name431', 'suername431', 'lastname431', 'email431', 'username431', 'e2cac5c5f7e52ab03441bb70e89726ddbd1f6e5b683dde05fb65e0720290179e', 1, NULL),
(942, 'name432', 'suername432', 'lastname432', 'email432', 'username432', 'e2cac5c5f7e52ab03441bb70e89726ddbd1f6e5b683dde05fb65e0720290179e', 1, NULL),
(943, 'name433', 'suername433', 'lastname433', 'email433', 'username433', 'e2cac5c5f7e52ab03441bb70e89726ddbd1f6e5b683dde05fb65e0720290179e', 1, NULL),
(944, 'name434', 'suername434', 'lastname434', 'email434', 'username434', 'e2cac5c5f7e52ab03441bb70e89726ddbd1f6e5b683dde05fb65e0720290179e', 1, NULL),
(945, 'name435', 'suername435', 'lastname435', 'email435', 'username435', 'e2cac5c5f7e52ab03441bb70e89726ddbd1f6e5b683dde05fb65e0720290179e', 1, NULL),
(946, 'name436', 'suername436', 'lastname436', 'email436', 'username436', 'e2cac5c5f7e52ab03441bb70e89726ddbd1f6e5b683dde05fb65e0720290179e', 1, NULL),
(947, 'name437', 'suername437', 'lastname437', 'email437', 'username437', 'e2cac5c5f7e52ab03441bb70e89726ddbd1f6e5b683dde05fb65e0720290179e', 1, NULL),
(948, 'name438', 'suername438', 'lastname438', 'email438', 'username438', 'e2cac5c5f7e52ab03441bb70e89726ddbd1f6e5b683dde05fb65e0720290179e', 1, NULL),
(949, 'name439', 'suername439', 'lastname439', 'email439', 'username439', 'e2cac5c5f7e52ab03441bb70e89726ddbd1f6e5b683dde05fb65e0720290179e', 1, NULL),
(950, 'name440', 'suername440', 'lastname440', 'email440', 'username440', 'e2cac5c5f7e52ab03441bb70e89726ddbd1f6e5b683dde05fb65e0720290179e', 1, NULL),
(951, 'name441', 'suername441', 'lastname441', 'email441', 'username441', 'e2cac5c5f7e52ab03441bb70e89726ddbd1f6e5b683dde05fb65e0720290179e', 1, NULL),
(952, 'name442', 'suername442', 'lastname442', 'email442', 'username442', 'e2cac5c5f7e52ab03441bb70e89726ddbd1f6e5b683dde05fb65e0720290179e', 1, NULL),
(953, 'name443', 'suername443', 'lastname443', 'email443', 'username443', 'e2cac5c5f7e52ab03441bb70e89726ddbd1f6e5b683dde05fb65e0720290179e', 1, NULL),
(954, 'name444', 'suername444', 'lastname444', 'email444', 'username444', 'e2cac5c5f7e52ab03441bb70e89726ddbd1f6e5b683dde05fb65e0720290179e', 1, NULL),
(955, 'name445', 'suername445', 'lastname445', 'email445', 'username445', 'e2cac5c5f7e52ab03441bb70e89726ddbd1f6e5b683dde05fb65e0720290179e', 1, NULL),
(956, 'name446', 'suername446', 'lastname446', 'email446', 'username446', 'e2cac5c5f7e52ab03441bb70e89726ddbd1f6e5b683dde05fb65e0720290179e', 1, NULL),
(957, 'name447', 'suername447', 'lastname447', 'email447', 'username447', 'e2cac5c5f7e52ab03441bb70e89726ddbd1f6e5b683dde05fb65e0720290179e', 1, NULL),
(958, 'name448', 'suername448', 'lastname448', 'email448', 'username448', 'e2cac5c5f7e52ab03441bb70e89726ddbd1f6e5b683dde05fb65e0720290179e', 1, NULL),
(959, 'name449', 'suername449', 'lastname449', 'email449', 'username449', 'e2cac5c5f7e52ab03441bb70e89726ddbd1f6e5b683dde05fb65e0720290179e', 1, NULL),
(960, 'name450', 'suername450', 'lastname450', 'email450', 'username450', 'e2cac5c5f7e52ab03441bb70e89726ddbd1f6e5b683dde05fb65e0720290179e', 1, NULL),
(961, 'name451', 'suername451', 'lastname451', 'email451', 'username451', 'e2cac5c5f7e52ab03441bb70e89726ddbd1f6e5b683dde05fb65e0720290179e', 1, NULL),
(962, 'name452', 'suername452', 'lastname452', 'email452', 'username452', 'e2cac5c5f7e52ab03441bb70e89726ddbd1f6e5b683dde05fb65e0720290179e', 1, NULL),
(963, 'name453', 'suername453', 'lastname453', 'email453', 'username453', 'e2cac5c5f7e52ab03441bb70e89726ddbd1f6e5b683dde05fb65e0720290179e', 1, NULL),
(964, 'name454', 'suername454', 'lastname454', 'email454', 'username454', 'e2cac5c5f7e52ab03441bb70e89726ddbd1f6e5b683dde05fb65e0720290179e', 1, NULL),
(965, 'name455', 'suername455', 'lastname455', 'email455', 'username455', 'e2cac5c5f7e52ab03441bb70e89726ddbd1f6e5b683dde05fb65e0720290179e', 1, NULL),
(966, 'name456', 'suername456', 'lastname456', 'email456', 'username456', 'e2cac5c5f7e52ab03441bb70e89726ddbd1f6e5b683dde05fb65e0720290179e', 1, NULL),
(967, 'name457', 'suername457', 'lastname457', 'email457', 'username457', 'e2cac5c5f7e52ab03441bb70e89726ddbd1f6e5b683dde05fb65e0720290179e', 1, NULL),
(968, 'name458', 'suername458', 'lastname458', 'email458', 'username458', 'e2cac5c5f7e52ab03441bb70e89726ddbd1f6e5b683dde05fb65e0720290179e', 1, NULL),
(969, 'name459', 'suername459', 'lastname459', 'email459', 'username459', 'e2cac5c5f7e52ab03441bb70e89726ddbd1f6e5b683dde05fb65e0720290179e', 1, NULL),
(970, 'name460', 'suername460', 'lastname460', 'email460', 'username460', 'e2cac5c5f7e52ab03441bb70e89726ddbd1f6e5b683dde05fb65e0720290179e', 1, NULL),
(971, 'name461', 'suername461', 'lastname461', 'email461', 'username461', 'e2cac5c5f7e52ab03441bb70e89726ddbd1f6e5b683dde05fb65e0720290179e', 1, NULL),
(972, 'name462', 'suername462', 'lastname462', 'email462', 'username462', 'e2cac5c5f7e52ab03441bb70e89726ddbd1f6e5b683dde05fb65e0720290179e', 1, NULL),
(973, 'name463', 'suername463', 'lastname463', 'email463', 'username463', 'e2cac5c5f7e52ab03441bb70e89726ddbd1f6e5b683dde05fb65e0720290179e', 1, NULL),
(974, 'name464', 'suername464', 'lastname464', 'email464', 'username464', 'e2cac5c5f7e52ab03441bb70e89726ddbd1f6e5b683dde05fb65e0720290179e', 1, NULL),
(975, 'name465', 'suername465', 'lastname465', 'email465', 'username465', 'e2cac5c5f7e52ab03441bb70e89726ddbd1f6e5b683dde05fb65e0720290179e', 1, NULL),
(976, 'name466', 'suername466', 'lastname466', 'email466', 'username466', 'e2cac5c5f7e52ab03441bb70e89726ddbd1f6e5b683dde05fb65e0720290179e', 1, NULL),
(977, 'name467', 'suername467', 'lastname467', 'email467', 'username467', 'e2cac5c5f7e52ab03441bb70e89726ddbd1f6e5b683dde05fb65e0720290179e', 1, NULL),
(978, 'name468', 'suername468', 'lastname468', 'email468', 'username468', 'e2cac5c5f7e52ab03441bb70e89726ddbd1f6e5b683dde05fb65e0720290179e', 1, NULL),
(979, 'name469', 'suername469', 'lastname469', 'email469', 'username469', 'e2cac5c5f7e52ab03441bb70e89726ddbd1f6e5b683dde05fb65e0720290179e', 1, NULL),
(980, 'name470', 'suername470', 'lastname470', 'email470', 'username470', 'e2cac5c5f7e52ab03441bb70e89726ddbd1f6e5b683dde05fb65e0720290179e', 1, NULL),
(981, 'name471', 'suername471', 'lastname471', 'email471', 'username471', 'e2cac5c5f7e52ab03441bb70e89726ddbd1f6e5b683dde05fb65e0720290179e', 1, NULL),
(982, 'name472', 'suername472', 'lastname472', 'email472', 'username472', 'e2cac5c5f7e52ab03441bb70e89726ddbd1f6e5b683dde05fb65e0720290179e', 1, NULL),
(983, 'name473', 'suername473', 'lastname473', 'email473', 'username473', 'e2cac5c5f7e52ab03441bb70e89726ddbd1f6e5b683dde05fb65e0720290179e', 1, NULL),
(984, 'name474', 'suername474', 'lastname474', 'email474', 'username474', 'e2cac5c5f7e52ab03441bb70e89726ddbd1f6e5b683dde05fb65e0720290179e', 1, NULL),
(985, 'name475', 'suername475', 'lastname475', 'email475', 'username475', 'e2cac5c5f7e52ab03441bb70e89726ddbd1f6e5b683dde05fb65e0720290179e', 1, NULL),
(986, 'name476', 'suername476', 'lastname476', 'email476', 'username476', 'e2cac5c5f7e52ab03441bb70e89726ddbd1f6e5b683dde05fb65e0720290179e', 1, NULL),
(987, 'name477', 'suername477', 'lastname477', 'email477', 'username477', 'e2cac5c5f7e52ab03441bb70e89726ddbd1f6e5b683dde05fb65e0720290179e', 1, NULL),
(988, 'name478', 'suername478', 'lastname478', 'email478', 'username478', 'e2cac5c5f7e52ab03441bb70e89726ddbd1f6e5b683dde05fb65e0720290179e', 1, NULL),
(989, 'name479', 'suername479', 'lastname479', 'email479', 'username479', 'e2cac5c5f7e52ab03441bb70e89726ddbd1f6e5b683dde05fb65e0720290179e', 1, NULL),
(990, 'name480', 'suername480', 'lastname480', 'email480', 'username480', 'e2cac5c5f7e52ab03441bb70e89726ddbd1f6e5b683dde05fb65e0720290179e', 1, NULL),
(991, 'name481', 'suername481', 'lastname481', 'email481', 'username481', 'e2cac5c5f7e52ab03441bb70e89726ddbd1f6e5b683dde05fb65e0720290179e', 1, NULL),
(992, 'name482', 'suername482', 'lastname482', 'email482', 'username482', 'e2cac5c5f7e52ab03441bb70e89726ddbd1f6e5b683dde05fb65e0720290179e', 1, NULL),
(993, 'name483', 'suername483', 'lastname483', 'email483', 'username483', 'e2cac5c5f7e52ab03441bb70e89726ddbd1f6e5b683dde05fb65e0720290179e', 1, NULL),
(994, 'name484', 'suername484', 'lastname484', 'email484', 'username484', 'e2cac5c5f7e52ab03441bb70e89726ddbd1f6e5b683dde05fb65e0720290179e', 1, NULL),
(995, 'name485', 'suername485', 'lastname485', 'email485', 'username485', 'e2cac5c5f7e52ab03441bb70e89726ddbd1f6e5b683dde05fb65e0720290179e', 1, NULL),
(996, 'name486', 'suername486', 'lastname486', 'email486', 'username486', 'e2cac5c5f7e52ab03441bb70e89726ddbd1f6e5b683dde05fb65e0720290179e', 1, NULL),
(997, 'name487', 'suername487', 'lastname487', 'email487', 'username487', 'e2cac5c5f7e52ab03441bb70e89726ddbd1f6e5b683dde05fb65e0720290179e', 1, NULL),
(998, 'name488', 'suername488', 'lastname488', 'email488', 'username488', 'e2cac5c5f7e52ab03441bb70e89726ddbd1f6e5b683dde05fb65e0720290179e', 1, NULL),
(999, 'name489', 'suername489', 'lastname489', 'email489', 'username489', 'e2cac5c5f7e52ab03441bb70e89726ddbd1f6e5b683dde05fb65e0720290179e', 1, NULL),
(1000, 'name490', 'suername490', 'lastname490', 'email490', 'username490', 'e2cac5c5f7e52ab03441bb70e89726ddbd1f6e5b683dde05fb65e0720290179e', 1, NULL),
(1001, 'name491', 'suername491', 'lastname491', 'email491', 'username491', 'e2cac5c5f7e52ab03441bb70e89726ddbd1f6e5b683dde05fb65e0720290179e', 1, NULL),
(1002, 'name492', 'suername492', 'lastname492', 'email492', 'username492', 'e2cac5c5f7e52ab03441bb70e89726ddbd1f6e5b683dde05fb65e0720290179e', 1, NULL),
(1003, 'name493', 'suername493', 'lastname493', 'email493', 'username493', 'e2cac5c5f7e52ab03441bb70e89726ddbd1f6e5b683dde05fb65e0720290179e', 1, NULL),
(1004, 'name494', 'suername494', 'lastname494', 'email494', 'username494', 'e2cac5c5f7e52ab03441bb70e89726ddbd1f6e5b683dde05fb65e0720290179e', 1, NULL),
(1005, 'name495', 'suername495', 'lastname495', 'email495', 'username495', 'e2cac5c5f7e52ab03441bb70e89726ddbd1f6e5b683dde05fb65e0720290179e', 1, NULL),
(1006, 'name496', 'suername496', 'lastname496', 'email496', 'username496', 'e2cac5c5f7e52ab03441bb70e89726ddbd1f6e5b683dde05fb65e0720290179e', 1, NULL),
(1007, 'name497', 'suername497', 'lastname497', 'email497', 'username497', 'e2cac5c5f7e52ab03441bb70e89726ddbd1f6e5b683dde05fb65e0720290179e', 1, NULL),
(1008, 'name498', 'suername498', 'lastname498', 'email498', 'username498', 'e2cac5c5f7e52ab03441bb70e89726ddbd1f6e5b683dde05fb65e0720290179e', 1, NULL),
(1009, 'name499', 'suername499', 'lastname499', 'email499', 'username499', 'e2cac5c5f7e52ab03441bb70e89726ddbd1f6e5b683dde05fb65e0720290179e', 1, NULL),
(1010, 'LOLO', 'Muñoz', 'García', 'pauula.mnzz@gmail.com', 'pauulamnzz', 'e2cac5c5f7e52ab03441bb70e89726ddbd1f6e5b683dde05fb65e0720290179e', 0, NULL);

--
-- Índices para tablas volcadas
--

--
-- Indices de la tabla `reply`
--
ALTER TABLE `reply`
  ADD PRIMARY KEY (`id`);

--
-- Indices de la tabla `thread`
--
ALTER TABLE `thread`
  ADD PRIMARY KEY (`id`);

--
-- Indices de la tabla `user`
--
ALTER TABLE `user`
  ADD PRIMARY KEY (`id`);

--
-- AUTO_INCREMENT de las tablas volcadas
--

--
-- AUTO_INCREMENT de la tabla `reply`
--
ALTER TABLE `reply`
  MODIFY `id` bigint NOT NULL AUTO_INCREMENT, AUTO_INCREMENT=14;

--
-- AUTO_INCREMENT de la tabla `thread`
--
ALTER TABLE `thread`
  MODIFY `id` bigint NOT NULL AUTO_INCREMENT, AUTO_INCREMENT=55;

--
-- AUTO_INCREMENT de la tabla `user`
--
ALTER TABLE `user`
  MODIFY `id` bigint NOT NULL AUTO_INCREMENT, AUTO_INCREMENT=1011;
COMMIT;

/*!40101 SET CHARACTER_SET_CLIENT=@OLD_CHARACTER_SET_CLIENT */;
/*!40101 SET CHARACTER_SET_RESULTS=@OLD_CHARACTER_SET_RESULTS */;
/*!40101 SET COLLATION_CONNECTION=@OLD_COLLATION_CONNECTION */;
